property_key,contractDate,prediction
p-940dd9922,2023-01-01,4683680.697085694
p-72a9ac344,2023-02-01,4280158.447926109
p-3bd67ad7e,2023-03-01,1465258.9681889098
p-0ba6a9779,2023-01-01,1705828.9476382993
p-98a2eb94e,2023-01-01,1721765.6926513782
p-03879fc2a,2023-02-01,2131410.6313541275
p-191902b3f,2023-02-01,5407699.574612998
p-24ce1aab1,2023-02-01,7137757.5996666765
p-8278901ed,2023-02-01,3592642.982272261
p-29409095c,2023-02-01,4521371.906045613
p-992ee1f25,2023-03-01,2946662.129275521
p-9b2afaf8a,2023-01-01,3170146.514859951
p-6b7588e2b,2023-02-01,3381192.3785168277
p-96b5f9a7d,2023-02-01,3329072.1338323536
p-f479fa5ec,2023-03-01,1085632.2777073462
p-06474c598,2023-03-01,15645721.292172395
p-bb7ceb8c9,2023-02-01,15645721.292172395
p-3dee00683,2023-02-01,1513916.2762363562
p-d4c8fcbc0,2023-03-01,3907397.3492413145
p-7de10391d,2023-01-01,1017496.6837850854
p-a39453ee8,2023-01-01,3998416.4458557637
p-336f7a773,2023-03-01,2784592.905105693
p-ab3aabf94,2023-03-01,3550585.313367688
p-70206d306,2023-02-01,1724459.4618239969
p-c58856436,2023-03-01,1865542.9503762787
p-b5143a0e6,2023-01-01,1324228.8476728448
p-7095ca41c,2023-01-01,1730256.3470853292
p-7095ca41c,2023-03-01,1736117.9231603409
p-8ee8a5ff6,2023-01-01,1919242.2696005076
p-841003f9e,2023-02-01,1437779.1035737314
p-b4e79024e,2023-02-01,1329554.2538276329
p-b8ecb2447,2023-01-01,1435235.0300538773
p-c150aca88,2023-02-01,1688857.8147042706
p-e62188654,2023-02-01,2439107.5197544163
p-8b5030b33,2023-03-01,2361157.1126163034
p-453cc94bc,2023-03-01,922966.5274557251
p-9c81841e3,2023-03-01,2051634.138490899
p-6b60aa44a,2023-03-01,1521432.5952676614
p-87c7a737a,2023-03-01,4652813.751065695
p-a07516263,2023-02-01,965336.0549634406
p-af89cd5b8,2023-01-01,1871999.5487835454
p-7f6b31326,2023-01-01,2057079.0071486174
p-183c82c96,2023-01-01,1181107.2371349528
p-c4af41db6,2023-02-01,1196054.751399362
p-910bd257b,2023-03-01,1665858.719082883
p-edea9ac13,2023-03-01,1920958.9469073953
p-02e343be2,2023-01-01,1475860.0413513244
p-b8687177e,2023-01-01,5475268.977928602
p-4ba34698e,2023-02-01,1099187.9079882524
p-4ba34698e,2023-03-01,1099187.9079882524
p-6474f5e21,2023-02-01,1069802.339223987
p-88ffe7c88,2023-03-01,5109659.583736247
p-36b301361,2023-03-01,4072105.807673409
p-1536b2626,2023-02-01,1255771.7966898943
p-6eeed3a50,2023-02-01,3660486.41983971
p-511763a40,2023-01-01,1258906.002112981
p-a35b6d7cc,2023-02-01,1225451.0619496512
p-eb5470cf3,2023-03-01,2199773.253191797
p-1d545b8c8,2023-03-01,2209477.6298326626
p-96a7bc7d3,2023-01-01,2084181.6917740984
p-6f886b591,2023-03-01,946941.9303354678
p-58321b4a5,2023-03-01,1679787.303642661
p-0b503e694,2023-03-01,1651970.0343732939
p-706c4dc19,2023-03-01,1603853.6424299206
p-e1531d3b4,2023-03-01,1667547.7935340996
p-199ae26d6,2023-02-01,1308722.399228225
p-91458e13e,2023-03-01,1139588.4933714392
p-78a0cc946,2023-03-01,3329655.9712966024
p-953bb883f,2023-01-01,2387240.4475835045
p-400458589,2023-01-01,1702690.974690629
p-672a45fb0,2023-02-01,1627666.3244750989
p-ac69d4962,2023-03-01,2267700.7684952724
p-0b4bba590,2023-01-01,1686827.2397874664
p-d0bf43b9b,2023-01-01,1591077.971373209
p-8c7501e2d,2023-02-01,2054436.6971018075
p-25c6236c8,2023-02-01,2063901.6968588533
p-02ab3d1d1,2023-03-01,2648793.316430871
p-fa91b5042,2023-02-01,1337837.420757471
p-d437b361f,2023-01-01,10468275.109264499
p-aae80d46e,2023-02-01,10151387.794124546
p-5f31a3d0a,2023-03-01,1962565.3352409045
p-bfa64901a,2023-01-01,2009758.9705469536
p-bfa64901a,2023-02-01,1992065.782729165
p-9479f482e,2023-03-01,4430778.643138367
p-612ce5286,2023-02-01,2611240.2109106253
p-946bc3408,2023-03-01,2086489.627938313
p-fd4c5905a,2023-03-01,2778925.1095156902
p-bd51adc6a,2023-02-01,1561501.5942947646
p-1f7e0c280,2023-03-01,1524368.5123637659
p-263f86c87,2023-03-01,946557.7557749888
p-875b7671a,2023-02-01,2089758.5788755007
p-c4a5d16e1,2023-01-01,1192623.1393578835
p-c4a5d16e1,2023-03-01,1191582.9787194843
p-d332690b3,2023-03-01,4019469.646998034
p-d0bdd445d,2023-02-01,1317120.3926520536
p-9b453ee73,2023-01-01,1321247.3864019958
p-9b453ee73,2023-03-01,1323503.0099380768
p-efb1c5709,2023-03-01,931129.1697416946
p-5c86520b6,2023-03-01,1549213.8120781553
p-0907ac60e,2023-01-01,1389172.3449572679
p-d3c5ecc3c,2023-03-01,922646.5025734823
p-5e05893f4,2023-03-01,1394781.28583737
p-15c19da5c,2023-02-01,1464562.3311392518
p-c8ef05d34,2023-01-01,1431311.1380567844
p-8ae2eb6ff,2023-01-01,921536.62497948
p-4dc9b697f,2023-01-01,1454846.4870399106
p-4dc9b697f,2023-03-01,1461649.4972490338
p-bd82a6cac,2023-02-01,1992886.8358471724
p-03558e0bf,2023-02-01,927948.222764062
p-640655b47,2023-02-01,891764.9457856918
p-c601c131e,2023-03-01,3611397.7808869295
p-1882f7f31,2023-03-01,3761853.912370657
p-bfaf75951,2023-01-01,5600336.589395143
p-bfaf75951,2023-03-01,5708675.864451466
p-597063059,2023-01-01,5784159.145634593
p-597063059,2023-02-01,5887825.39065402
p-597063059,2023-03-01,5887825.39065402
p-ff3a56da5,2023-02-01,5874353.952022418
p-6db13fe33,2023-01-01,5936462.6389489025
p-6db13fe33,2023-02-01,6059104.326320791
p-4de3d41c8,2023-01-01,5922991.200317301
p-9542d5721,2023-02-01,4178474.7973972196
p-fee56004e,2023-02-01,6460064.161282551
p-076cc95de,2023-02-01,1790386.7454097974
p-142c1502e,2023-03-01,1785959.5840987992
p-8ffbc9fd2,2023-03-01,1298570.6653110508
p-7d8e621b5,2023-01-01,1795544.2647671355
p-7d8e621b5,2023-03-01,1800899.153185264
p-fa5283cc6,2023-02-01,1307013.1216794245
p-4146abf6a,2023-01-01,2616524.8051001886
p-ce6e6fd45,2023-02-01,734590.2436810251
p-fe527b32d,2023-01-01,754507.332243475
p-f73f8d939,2023-01-01,4276844.479677657
p-9f8088e82,2023-02-01,972348.7375236838
p-fdf9cde8e,2023-03-01,791936.7092669392
p-a402b258c,2023-03-01,1018003.0477309322
p-06f966b2d,2023-01-01,900192.0952476849
p-736a0c4f8,2023-02-01,907794.8019282034
p-0fa45e7c0,2023-03-01,1819879.1510452563
p-8473bb058,2023-02-01,2889522.0938767404
p-025368f1d,2023-03-01,6292724.716716031
p-5aaa13d45,2023-03-01,874127.137322434
p-1d970c3a6,2023-02-01,2913395.2793755033
p-0217aa250,2023-02-01,1670178.3572729363
p-22846df55,2023-03-01,6686244.516640802
p-98b957404,2023-03-01,2514437.6926511494
p-e8991be14,2023-01-01,2024248.4388423103
p-e8991be14,2023-03-01,2033484.8849892202
p-86764a9a8,2023-01-01,2577141.205028181
p-bdc754c53,2023-02-01,1890173.5961709528
p-988299269,2023-03-01,1712991.4325744782
p-d3f7e1aa3,2023-02-01,1583966.428863691
p-a676ae99a,2023-02-01,1722202.3246436797
p-dd37cd92c,2023-02-01,1695349.6833276507
p-630e2f1b7,2023-03-01,985023.1162588883
p-a618e8277,2023-01-01,2484157.063859806
p-ab1ceab0a,2023-01-01,2580156.351180413
p-01da5d5fb,2023-01-01,1755023.140284533
p-2a9929f3a,2023-02-01,1768082.8134808918
p-2474614d0,2023-03-01,2115351.5930106533
p-c586f49a6,2023-03-01,1850952.0461936735
p-ad873ed26,2023-02-01,3457603.339989205
p-849b9d7cf,2023-02-01,3193494.088612695
p-b1636f53b,2023-03-01,2096394.6123986887
p-ed2c75e5c,2023-01-01,1789974.3367951124
p-c22a26852,2023-03-01,1698057.732780858
p-fdd6229f8,2023-01-01,1231751.1962213332
p-874f00a8f,2023-01-01,1223335.5125767712
p-af50f92be,2023-02-01,2392192.794776334
p-75725ce45,2023-02-01,1355315.0321262297
p-8d8938f12,2023-01-01,1238433.9588526879
p-b3c47d42d,2023-03-01,1276614.1159444593
p-f02a2c69d,2023-01-01,1428423.6535005348
p-19519180b,2023-02-01,3392074.865669325
p-cac300a94,2023-03-01,1478191.105362407
p-223d2c638,2023-01-01,1574482.161167051
p-82a5a2c12,2023-03-01,1782354.8650268288
p-8e904999f,2023-03-01,943020.4408214601
p-05932f86a,2023-02-01,947387.5046053102
p-d02526aa0,2023-01-01,1739903.3477831737
p-39db30d37,2023-02-01,2259212.493861096
p-5b65936fd,2023-01-01,1533749.343660576
p-f183ad8c4,2023-01-01,1424860.425825946
p-f42a699c2,2023-02-01,1508697.976490657
p-a1dfe583b,2023-02-01,1170431.227485303
p-1e91e4c9c,2023-03-01,1197996.2060609716
p-7d7935779,2023-02-01,3846570.1816132255
p-828669742,2023-02-01,1497251.5672872385
p-02a7d7af2,2023-03-01,1159382.1434087132
p-f761f9ee5,2023-03-01,809067.4091798576
p-3a1e8f6fa,2023-02-01,1266628.708060051
p-9238105c5,2023-02-01,1328206.2336453542
p-f4612223b,2023-02-01,2113202.4373735487
p-febbf9c4a,2023-02-01,1905204.6425106777
p-29c6adf25,2023-03-01,1919710.7606669734
p-67bd468e9,2023-01-01,1090909.5338595125
p-67bd468e9,2023-03-01,1114634.0023125068
p-fb563de8d,2023-03-01,1336216.5057824238
p-248025ecd,2023-03-01,1538807.5581385803
p-c938d8c09,2023-03-01,1180441.702731982
p-3b23605cc,2023-03-01,6703800.169857877
p-e8b66a358,2023-03-01,3042734.2723213607
p-62fd2031b,2023-03-01,7009860.439233824
p-07447821f,2023-03-01,6237832.65455135
p-622855182,2023-03-01,8211848.521431802
p-d24666c9c,2023-02-01,7173090.41358732
p-b9941897b,2023-02-01,1076140.1671290696
p-d5e67718b,2023-02-01,1514597.0461205437
p-b1d71bfda,2023-03-01,1854562.4569714302
p-d9b994101,2023-03-01,4821571.97012526
p-5f17e0673,2023-01-01,3890095.818208882
p-04645008f,2023-02-01,5454634.094142473
p-04645008f,2023-03-01,5454634.094142473
p-84dc73220,2023-02-01,1405917.8920412397
p-3d4c6a153,2023-01-01,1505471.5056722607
p-635e45e7c,2023-03-01,940871.9310050933
p-2552c3570,2023-02-01,922770.5525807267
p-3b0069ca3,2023-02-01,1925173.7326653143
p-78cf28c53,2023-02-01,2168445.032931491
p-d161ba9e8,2023-03-01,1661533.5700069002
p-c0092f628,2023-02-01,2454422.7688591443
p-7f92ce0ab,2023-03-01,1043054.4605763085
p-9334c247b,2023-02-01,1065388.6632213509
p-b4087e82d,2023-02-01,903217.6979906595
p-31d46015f,2023-02-01,2084441.4727342292
p-9caefbf4f,2023-03-01,1855730.8773425457
p-b82e3c41c,2023-01-01,1919430.8448947861
p-16974e5bf,2023-03-01,1789323.4571199047
p-0518e3b0d,2023-03-01,1858518.1386849566
p-35d43c2d7,2023-02-01,1445422.6468305925
p-a2938baf4,2023-02-01,1832620.7959749831
p-72f61e173,2023-03-01,2486111.480893556
p-924550d29,2023-03-01,1339270.114058669
p-289a82a57,2023-02-01,3820151.2358649783
p-1d8c38895,2023-02-01,3043074.187572862
p-b5a5c1d2a,2023-01-01,1929325.686285026
p-42172258b,2023-03-01,1711793.6633424046
p-32bc053af,2023-01-01,1829678.3232464388
p-2c895792d,2023-03-01,2143012.621302414
p-3371146bf,2023-03-01,1487783.352453899
p-dd3f328b6,2023-02-01,1207509.3936179946
p-bfed2879b,2023-03-01,1884661.8538537081
p-c69f8d91a,2023-02-01,2103214.4373737783
p-46b29fb46,2023-02-01,1384549.7659977213
p-b787d1dd5,2023-03-01,1389454.9153406122
p-d9314f7fa,2023-03-01,1579335.0044247336
p-2d786b32e,2023-03-01,1197394.633071072
p-e3c7f319b,2023-02-01,1693251.0698340314
p-fd00248b6,2023-03-01,1806073.4167203642
p-93a7df5d6,2023-02-01,3183225.6069057784
p-bfe1c54b1,2023-01-01,1966174.9060276065
p-6b9bf062e,2023-02-01,1727999.0332076268
p-0ad089bf6,2023-02-01,1582505.4442454395
p-6ce09a8b3,2023-01-01,2120450.868591791
p-e408e47ac,2023-02-01,3247861.570887334
p-3b76e59d2,2023-03-01,1702189.6532039961
p-e226964b3,2023-01-01,2415898.487231684
p-8728aa269,2023-01-01,3075482.952384654
p-a9ffd22df,2023-01-01,4291170.425554167
p-643e52d2a,2023-01-01,3110178.377049087
p-64ce730d7,2023-03-01,12991804.367920311
p-749f6a910,2023-03-01,3542507.6011382383
p-69a4c74b9,2023-02-01,2634519.9237458683
p-a594f2be1,2023-02-01,6777973.04203642
p-bedbdfe9c,2023-03-01,6880387.036590507
p-ad7a3bd03,2023-03-01,1315485.529043543
p-c81624ab8,2023-02-01,1319229.3635438366
p-6831847f9,2023-02-01,1641590.8051474923
p-53e2cfd86,2023-03-01,1295625.644357726
p-251f76526,2023-02-01,2190867.73014566
p-b7a683a36,2023-02-01,1345821.3262857662
p-8c5ebb52b,2023-02-01,2244409.1399258343
p-0e66f7345,2023-02-01,844325.2656549017
p-28dd1d745,2023-02-01,2515963.833820622
p-2b60d39fc,2023-02-01,7165367.14769587
p-0dbae2bdd,2023-03-01,2643422.466506136
p-6005caa5d,2023-03-01,2282098.2093813433
p-637f36b51,2023-02-01,1390545.8763108528
p-cc0d30d66,2023-03-01,2432299.069693495
p-8b16ad290,2023-02-01,1076707.7561754761
p-a14bf16b8,2023-03-01,1003117.1026631877
p-ff6a670a1,2023-01-01,934517.0359893133
p-ff6a670a1,2023-03-01,938941.4019036486
p-5f69a90fd,2023-02-01,756729.7101421647
p-53c691d3f,2023-02-01,740782.5897154512
p-f071c3e38,2023-03-01,1095200.176055914
p-0ca4bc655,2023-03-01,974774.6330709456
p-d1e37d6e5,2023-02-01,981000.1382362235
p-0b021ee54,2023-01-01,831778.6248404031
p-e8c621bcf,2023-01-01,1199819.2440112033
p-0a232e204,2023-02-01,1443204.458197128
p-c889568c2,2023-03-01,1618727.3950339556
p-c8016d5de,2023-02-01,1088337.45366398
p-70d11d0d6,2023-02-01,1524606.3710272806
p-8de1884d2,2023-02-01,6215241.155101613
p-b40ccfeda,2023-01-01,1585046.7796302927
p-b40ccfeda,2023-02-01,1602718.9993949302
p-bce4a5970,2023-01-01,1507763.066586554
p-272da607b,2023-01-01,2370089.2164000175
p-272da607b,2023-02-01,2377866.8207826694
p-272da607b,2023-03-01,2377866.8207826694
p-a5722f6ef,2023-01-01,3238247.2937949253
p-140a449f6,2023-01-01,2180183.216164487
p-edccdce43,2023-02-01,2317652.5740851406
p-9090ec2ce,2023-02-01,1565419.729576652
p-6373a06f2,2023-02-01,1190243.712372159
p-95f372100,2023-02-01,2861157.305879441
p-baf3866d8,2023-03-01,2289902.9697544198
p-6fbb43b08,2023-03-01,2874664.418911897
p-6e8e6b958,2023-02-01,2469563.6419133237
p-012d38e4d,2023-03-01,1587960.323490388
p-a0707154c,2023-03-01,2541994.78477586
p-308353ad2,2023-03-01,1842540.5774204799
p-3418c2cd3,2023-02-01,1125260.002940457
p-7189dcb7b,2023-03-01,3774607.4666844415
p-cc0a4afe3,2023-03-01,2369284.029576786
p-d1dd41b42,2023-02-01,2583481.979351893
p-dc3613f2d,2023-03-01,1953263.496000743
p-f367bf598,2023-01-01,3788293.8178851213
p-d7025a579,2023-03-01,3744733.9033988
p-89a6ff5de,2023-03-01,8938872.301906263
p-cb4d99599,2023-03-01,4783934.222577653
p-008b6b459,2023-03-01,2239491.4626713516
p-a8398dda0,2023-03-01,2336262.6327887573
p-1aaa47856,2023-01-01,6498850.534686937
p-a8416c5e4,2023-03-01,2438151.5255926023
p-d2f1750af,2023-01-01,2158683.3147575064
p-0f3819987,2023-02-01,2234001.2623296976
p-be54cb432,2023-01-01,2304258.567261046
p-c5078dc4c,2023-03-01,1746345.1125519704
p-7bf15d00c,2023-01-01,2938068.11061517
p-6c91f271d,2023-02-01,2969818.9119699616
p-2355ddfa4,2023-01-01,1697374.9724511846
p-257d2985a,2023-03-01,2758714.5927271154
p-efbe4b4fb,2023-03-01,2084301.072668393
p-e7146b43c,2023-03-01,2092533.934255792
p-b3b45a6d0,2023-03-01,845108.0334548593
p-d66228df4,2023-03-01,858460.7724866199
p-092d1e26c,2023-02-01,832370.7457218673
p-f65338afe,2023-01-01,1077777.425635944
p-f65338afe,2023-02-01,1086164.2908188016
p-0db7263f5,2023-02-01,2299161.919451949
p-9741711a1,2023-01-01,1366538.0118723363
p-c91cda23b,2023-01-01,1433296.4237567969
p-ac9583615,2023-02-01,984016.4762626503
p-2c51728bc,2023-02-01,2108248.8583708853
p-ab5a5c43a,2023-03-01,2097680.32807188
p-af003f4ae,2023-02-01,824032.8803000207
p-c9b97fb75,2023-02-01,8490174.948300216
p-b2b22031e,2023-02-01,4092074.7238983605
p-54addb6da,2023-03-01,1016782.8231672697
p-ede2729b8,2023-02-01,2990720.7636607406
p-bf5d0b22b,2023-01-01,1072011.4855671127
p-56badebc6,2023-01-01,5059936.078546497
p-e8175f1b3,2023-03-01,4503601.8153696265
p-d702172a3,2023-02-01,4036740.341019872
p-d30afe7be,2023-01-01,1210245.1640696204
p-0feb92fde,2023-03-01,3366217.121484691
p-b4146d007,2023-02-01,2152346.686059884
p-c579527d7,2023-02-01,1811002.8325237818
p-498421058,2023-03-01,711042.9913473994
p-92d8ac78c,2023-02-01,6791658.826619462
p-caa0cde22,2023-02-01,5217731.956066503
p-792466ee5,2023-01-01,659569.7250786194
p-f83729627,2023-02-01,648557.1900647464
p-b4e89bb8c,2023-03-01,666282.6989814645
p-68fbd9017,2023-01-01,1315830.6216869245
p-b802492e8,2023-01-01,2216070.498973286
p-0b0448fc8,2023-01-01,1149043.9250369475
p-55905a304,2023-01-01,1221423.932047614
p-daf647d4b,2023-03-01,1518596.65469402
p-f45fb5b6a,2023-03-01,1421324.3601672328
p-33d2f8b0d,2023-03-01,1424266.8516261268
p-7f4c52537,2023-02-01,995357.5703221513
p-9f59ece59,2023-03-01,1158414.4536909692
p-a0f5b2899,2023-03-01,1558032.7226079523
p-7fa4bac16,2023-02-01,4206136.556229566
p-c78acdda6,2023-03-01,5188939.713023761
p-98864c661,2023-03-01,3332506.5449473765
p-6169ac0fa,2023-01-01,3329487.1698100567
p-474391586,2023-03-01,3333832.0762328263
p-e02524ebb,2023-01-01,742167.0539796227
p-7126a26a7,2023-03-01,1214566.5319050655
p-db537e5a8,2023-02-01,4924055.492684518
p-016472483,2023-03-01,9635205.097273756
p-8ad408188,2023-03-01,8567494.036257418
p-242041530,2023-03-01,2022464.1266991135
p-f547c4b48,2023-03-01,1986581.1110920564
p-6506ae8fa,2023-02-01,1588413.1813314627
p-04dd2097e,2023-02-01,2859295.417818995
p-386d09293,2023-02-01,1173641.7650899475
p-1274a7fc6,2023-03-01,1143361.4041953404
p-9aa5112cd,2023-03-01,1390428.8802437691
p-3b19ed64d,2023-03-01,1358780.7594845283
p-8ef14bc6b,2023-03-01,1133873.2333400692
p-c8c7d2b3d,2023-02-01,757092.7143680383
p-b9106ed17,2023-01-01,1199570.4407493786
p-b9106ed17,2023-02-01,1203920.9641794164
p-42ce2ac3b,2023-01-01,1201713.2342042448
p-fdafb8383,2023-02-01,1875071.2913831836
p-5bc89d12f,2023-02-01,2110409.1731713335
p-21a7418fb,2023-03-01,2110680.1200113194
p-4ca8c85c4,2023-03-01,1493465.2627427974
p-d99b9da4e,2023-01-01,2293460.7806387655
p-c7f22ed9b,2023-01-01,1203775.3155381388
p-88b353108,2023-03-01,3168764.8353273724
p-93af785b3,2023-01-01,1889793.6424369195
p-920cfe742,2023-02-01,1904466.117049593
p-ff81bbbf4,2023-02-01,2078265.5583894853
p-090451aa7,2023-02-01,2599867.2457967214
p-92f9a4d32,2023-01-01,1222659.9700930126
p-f1e6c2f33,2023-03-01,1948318.782519364
p-b788f55e0,2023-03-01,2785591.535740532
p-5c4d21cb2,2023-03-01,2109510.5359925814
p-08772e6ca,2023-02-01,943001.9054217751
p-5260b7a4f,2023-03-01,2202775.4972200086
p-c9f56f5c4,2023-02-01,2613585.546686482
p-1a2af7402,2023-03-01,2291016.0931086866
p-a4199652b,2023-02-01,7979697.609504314
p-b2688fb8f,2023-03-01,1337815.9939187898
p-f57ca52f0,2023-02-01,1202787.3301877906
p-bf1c2a2b6,2023-01-01,1239824.6135099183
p-b02d10bb0,2023-02-01,8927844.12862971
p-790fb98fb,2023-03-01,1410733.3734529603
p-7c45bf3cc,2023-01-01,998117.0033441785
p-b65f3ebf1,2023-03-01,936801.4352984111
p-a24c5a234,2023-02-01,784002.109493961
p-c10d199c0,2023-02-01,823979.822276278
p-0ac4536d4,2023-02-01,1363182.9901266904
p-f7df2e035,2023-01-01,1501919.7330511296
p-924254603,2023-02-01,848272.277094413
p-7f00f8337,2023-02-01,1506036.650166298
p-1238dbe45,2023-02-01,1342533.6341338481
p-9e39fbcee,2023-03-01,2028301.1442410692
p-0a5d822a1,2023-03-01,1229310.1809978548
p-5e38f98c4,2023-02-01,1971045.383283764
p-1f920ea21,2023-03-01,2066023.4185677855
p-37acf3589,2023-02-01,967924.8811384174
p-6305a9226,2023-03-01,2155852.240775278
p-46bc33fc5,2023-02-01,1908896.4993237124
p-727e2c765,2023-03-01,1740532.6899148438
p-edeea9af0,2023-03-01,720217.3984290644
p-319b2ca0a,2023-02-01,671191.2712212343
p-a6af5ef07,2023-01-01,960864.0117493797
p-a7a6ffdce,2023-02-01,868221.6107327738
p-a776c057e,2023-02-01,1404271.0111175338
p-d4ec2a93d,2023-02-01,1911466.2132535602
p-d36f3a497,2023-03-01,1415639.7762869431
p-2c2f9b4a9,2023-03-01,648541.4701087502
p-04894e2b8,2023-03-01,3866609.68713785
p-92d800542,2023-01-01,1343748.0207832584
p-233b30aa4,2023-01-01,2092725.655709976
p-2d4a20401,2023-01-01,6553627.631035253
p-8751079ad,2023-01-01,1189770.4338372713
p-8751079ad,2023-02-01,1181062.9269997848
p-01e052386,2023-03-01,1800772.2139563402
p-cc7824234,2023-03-01,4211260.266326912
p-f21ea2407,2023-03-01,1205701.8225273038
p-a7b81b09b,2023-03-01,6170422.596720314
p-036929d7c,2023-02-01,4156987.1445895103
p-45933daea,2023-03-01,725223.1067746081
p-70e56feb2,2023-02-01,2657316.7592770234
p-67677c22d,2023-02-01,2946442.055212087
p-af9fd336a,2023-01-01,3074514.5441945624
p-fdff3b6ab,2023-03-01,6758738.802111112
p-adc0e413b,2023-01-01,8468919.133453652
p-60039afba,2023-02-01,2182076.2768866206
p-2c3d97161,2023-01-01,1429890.5849261933
p-cffc5d890,2023-01-01,1251936.6098687414
p-dbe8d7b9f,2023-02-01,1318781.7672360928
p-2b6551f80,2023-02-01,1476020.3043217221
p-00e5a99a1,2023-02-01,14851898.836864859
p-f86e07b93,2023-02-01,2316213.4680183996
p-fad528d2c,2023-03-01,1662048.3096636126
p-fe8f253a9,2023-02-01,3527813.2152365786
p-69eff7602,2023-02-01,3933389.3273901837
p-d00977d68,2023-02-01,4436721.711884127
p-3ffcca931,2023-01-01,900665.2130926487
p-fc74ca3f0,2023-02-01,2847101.648571113
p-519b11374,2023-03-01,2378349.7447749176
p-262d0987e,2023-02-01,1595059.691975898
p-6e347d587,2023-02-01,728831.5595994309
p-d4e5aebfb,2023-02-01,4735948.974815781
p-a5ef41aab,2023-02-01,5263997.697342494
p-655d8db21,2023-02-01,4702743.288728673
p-d401e4ddb,2023-01-01,6219791.326222011
p-a22eba271,2023-02-01,6190833.743576025
p-b6b0f643f,2023-01-01,903748.6737945181
p-47eff2678,2023-01-01,1579940.8858201306
p-a0ea9209d,2023-03-01,1037180.311721021
p-2925ce993,2023-03-01,8453798.56593271
p-0f346cfa5,2023-03-01,674716.3710898041
p-8f6bd77f2,2023-03-01,1155718.7376206957
p-dbb27031e,2023-01-01,1370529.668602175
p-a4a7a0a17,2023-03-01,1418118.8100171061
p-9cf7455d5,2023-03-01,1989690.7600200998
p-b0b5923a5,2023-02-01,3587868.6858988097
p-e72201014,2023-01-01,643491.1459453377
p-5e76ba99e,2023-01-01,2335403.4739559004
p-0954a3d0a,2023-01-01,1079243.2557162747
p-6c45ff763,2023-03-01,1253666.1035441055
p-a045bf00d,2023-03-01,1326125.8244937295
p-a95dbd0fe,2023-01-01,1904958.093469678
p-d12012510,2023-01-01,4137335.8554595965
p-3c4ab10ca,2023-03-01,6553178.902842356
p-186162842,2023-02-01,935919.6627781421
p-7edcb910f,2023-01-01,898101.2680611877
p-d9d258b8c,2023-03-01,12157326.157951035
p-1e63f4368,2023-02-01,877807.4311678909
p-da795ccea,2023-02-01,1232214.228436353
p-8ce6fa8f5,2023-02-01,1748642.6324013253
p-781dcd6f0,2023-02-01,5231191.581329259
p-351fa8a94,2023-02-01,652848.6894550475
p-1ef0aeee2,2023-02-01,627555.8758333514
p-3e81f6ea5,2023-01-01,618207.4713638104
p-9ae807488,2023-01-01,3183216.6981709716
p-3e804f137,2023-02-01,4567849.5951343225
p-69b6cebe4,2023-03-01,1904629.2108407519
p-542007670,2023-02-01,6910731.966941368
p-7ee8a6ca4,2023-03-01,1477456.6661935227
p-7e796baa0,2023-03-01,2984593.1513641565
p-a3c730ae1,2023-01-01,1763867.5915501555
p-bf33b2cee,2023-01-01,1811354.254096277
p-8046cc5e4,2023-03-01,1731901.0295294104
p-940667bb9,2023-03-01,2732597.5676613487
p-d7426047d,2023-02-01,1517594.5288366838
p-7c99e5aa9,2023-03-01,1577323.1905946964
p-ab35f43c7,2023-02-01,754158.0316578705
p-799174bbe,2023-01-01,2595230.896282831
p-a9b4a2075,2023-03-01,5834365.841028218
p-4b414f0be,2023-03-01,3735851.3865606873
p-08e4b21c1,2023-01-01,1427475.3391341416
p-9a7989994,2023-01-01,1378966.0261919259
p-4aa286130,2023-01-01,1012175.9524613009
p-c3dd11c5e,2023-01-01,762813.9176081734
p-f5829bd9d,2023-03-01,966186.7364371894
p-64432b070,2023-01-01,15033856.876673209
p-f1a93673e,2023-01-01,4417727.936462727
p-c079a0de8,2023-03-01,4618897.388381155
p-76b159031,2023-03-01,4538248.440788084
p-e21f744cc,2023-02-01,10500030.656845069
p-c8a0dffc6,2023-02-01,2408314.960355808
p-77e43174f,2023-01-01,1537081.3875180974
p-e57791cea,2023-03-01,4656844.878705407
p-9d1c725ac,2023-02-01,8658996.876106398
p-3dd4489dc,2023-02-01,1436071.8186975904
p-abca12834,2023-01-01,640043.676400038
p-ff9cf5884,2023-02-01,14582485.603615556
p-5b3e2b0aa,2023-01-01,672893.7611524496
p-5b3e2b0aa,2023-03-01,677288.3520821314
p-fe20756b1,2023-01-01,669439.2111458539
p-2e7350b03,2023-03-01,1418468.8160177537
p-441121cc8,2023-02-01,1375082.3223330087
p-c4ca3b941,2023-02-01,784203.2436378944
p-fb650d42d,2023-03-01,2362715.4538145172
p-1ed5d58e0,2023-02-01,6532530.909321924
p-ff69d4b9b,2023-01-01,979146.6375671753
p-99d35dc70,2023-02-01,2281416.250587159
p-de5e11594,2023-03-01,1800548.4287007796
p-bedae0078,2023-02-01,1659870.0197829702
p-edb73b9ea,2023-02-01,1133609.5073312272
p-ff619a201,2023-01-01,1107386.9644092885
p-9064fb7ae,2023-03-01,1076298.0787832497
p-6abc62394,2023-01-01,1907574.1394769473
p-ac295c039,2023-02-01,5963330.940379038
p-e1de2b5ed,2023-01-01,3587941.261868867
p-8da234403,2023-01-01,1589278.227472429
p-9e830a177,2023-01-01,1223826.2997037496
p-06711106a,2023-02-01,3175905.2370660594
p-ebd75656c,2023-02-01,2760698.220425878
p-5d78804df,2023-01-01,2042041.3160337359
p-b43b798d9,2023-02-01,2634069.187365403
p-ac34993cb,2023-03-01,2061089.0612920383
p-d32689720,2023-02-01,1405066.6113246523
p-88eff2f48,2023-02-01,2809367.8367133182
p-724a62872,2023-02-01,2278463.3381657708
p-ebf87a0c3,2023-02-01,1594052.5424334072
p-c32299db7,2023-01-01,1165342.0599249692
p-2e758040f,2023-02-01,5943294.794880063
p-9adc8fbe0,2023-03-01,16213010.492138254
p-e356dafef,2023-02-01,1536824.3692576897
p-5d27d00ae,2023-01-01,3261123.004530646
p-e1ee0e0ef,2023-01-01,4828151.263878323
p-a450cdaba,2023-01-01,1613254.736611922
p-622882759,2023-02-01,2293833.4772844412
p-5a7924008,2023-03-01,2883743.4790764335
p-2e0ceb690,2023-03-01,1875352.5919847712
p-fc1ac4377,2023-01-01,6897905.844387243
p-90e780f15,2023-02-01,827960.4829794191
p-2f4be995d,2023-03-01,3388248.4214327866
p-f5ae148d0,2023-02-01,2783468.2889690273
p-05ea38a29,2023-02-01,2282477.6159504014
p-659d99bd6,2023-03-01,1641604.0222432294
p-0035b3f0a,2023-01-01,2702825.8863658514
p-cdb447742,2023-02-01,1932456.3735418562
p-40bd517f7,2023-02-01,2151475.5262090694
p-86cd54feb,2023-03-01,2359926.758589875
p-972ebd381,2023-02-01,1424725.1364039006
p-1afdf108d,2023-03-01,5819662.341960067
p-8b7d5a8ec,2023-02-01,5503109.588431433
p-1032ec43d,2023-01-01,2408962.4198689144
p-d4cd95223,2023-02-01,591752.4698747844
p-7b6e1f221,2023-01-01,7711033.981015182
p-857f68076,2023-02-01,853895.0140351473
p-da4e2d400,2023-02-01,2868325.3548757927
p-aaebdcda1,2023-02-01,691720.388331833
p-a76ab6ab5,2023-03-01,1787607.20748684
p-4a5e7253d,2023-02-01,812994.6762435802
p-f89f3736d,2023-01-01,897222.2301317226
p-7a2da2e52,2023-01-01,858851.3723847524
p-57f654feb,2023-03-01,1137680.9055888513
p-deaa174eb,2023-01-01,3711912.297351231
p-212409c3c,2023-02-01,3944154.1570990677
p-212409c3c,2023-03-01,3944154.1570990677
p-5c8dfd68b,2023-01-01,3711912.297351231
p-69de9d213,2023-01-01,3371228.139204264
p-40149933c,2023-02-01,738245.46819381
p-d38a93090,2023-01-01,5634985.402840179
p-05451d901,2023-02-01,855146.041373289
p-129b7db21,2023-01-01,3398759.1071601314
p-6ac26981b,2023-02-01,1296179.5048825608
p-26aa27224,2023-03-01,1238615.6604327376
p-1da145e43,2023-02-01,922506.2912933631
p-6f7dc25e5,2023-01-01,4227397.119082193
p-4c31470bf,2023-02-01,3670524.429725456
p-3b5c11208,2023-02-01,941771.9226258954
p-0ca77d4b9,2023-02-01,5653083.470791717
p-30e8dcff3,2023-01-01,637667.9843186656
p-504084294,2023-03-01,2164327.4135447466
p-d253cb18b,2023-03-01,665015.7448921433
p-631b700c2,2023-03-01,1263634.1690138867
p-7e0b65f85,2023-02-01,3634757.2716582995
p-5754319ff,2023-02-01,2735482.602759275
p-46cc25ffd,2023-03-01,1664274.328229772
p-6271c1f4a,2023-03-01,2027742.738897335
p-0ceea22b9,2023-03-01,2398287.8038700144
p-75456e386,2023-02-01,1634964.9119707828
p-445a0e692,2023-01-01,2354303.8862089217
p-69bc9d777,2023-02-01,3122698.184227817
p-aee54c250,2023-02-01,3745510.0834597205
p-e716cc21c,2023-01-01,616785.3320278828
p-32a1c8cb4,2023-02-01,1983007.7862095393
p-c3592aae6,2023-01-01,2112708.4267252395
p-24588ceea,2023-03-01,3006344.2131721997
p-30a7776ef,2023-01-01,5410214.7827645475
p-e6d9be158,2023-01-01,6967365.212694776
p-8b8043c67,2023-02-01,6949797.114460927
p-77093db3d,2023-03-01,7958421.848963659
p-2377aabd2,2023-02-01,8244029.608843072
p-eba41a203,2023-01-01,672333.5027291521
p-b46169b66,2023-03-01,1116303.9432586865
p-cb99b2df7,2023-01-01,1760632.3468400096
p-6f113f62c,2023-03-01,2184726.4538394553
p-605da891b,2023-02-01,2393170.0955791203
p-faacf9662,2023-02-01,11748888.349907214
p-15ba1fbfc,2023-01-01,2600656.147721895
p-3f5a42f06,2023-02-01,3140584.4199291854
p-c196f422e,2023-03-01,4375986.613469717
p-2828b259a,2023-03-01,4322616.335911506
p-4799ae007,2023-02-01,2846512.111396082
p-27214acfa,2023-03-01,1106631.7883236974
p-545b0c281,2023-02-01,3317902.475644017
p-70ec631d3,2023-01-01,1718839.0919235277
p-0bbfdb201,2023-01-01,2077346.3395651788
p-c1ea66176,2023-01-01,1942088.0862873837
p-29988e51d,2023-02-01,1818276.4153044426
p-f32ae427c,2023-02-01,1890227.184764338
p-f32ae427c,2023-03-01,1890227.184764338
p-d9f79d0cc,2023-03-01,1892380.210413888
p-feba52ecc,2023-02-01,1692874.9768474535
p-1677d04c1,2023-02-01,1842233.746610193
p-3fe59b1df,2023-02-01,1867342.664479049
p-cfb815069,2023-02-01,1754496.1880168242
p-cfb815069,2023-03-01,1754496.1880168242
p-2434df276,2023-02-01,1848950.333323981
p-8f9e3aba7,2023-03-01,4650569.334531283
p-d970f9517,2023-02-01,4230321.446520165
p-dcf6aa0ed,2023-01-01,4466250.942381662
p-314c24601,2023-01-01,995817.6965517428
p-e387b6d64,2023-02-01,4482916.981822731
p-5982358ec,2023-02-01,3721451.9072410297
p-59d37ed65,2023-03-01,3241221.8478248063
p-4325ebc59,2023-01-01,6023327.289929301
p-d35ad5671,2023-03-01,6192301.853974884
p-9f36507f6,2023-03-01,1318779.6505213082
p-c50722fb0,2023-03-01,654920.7083068888
p-07f5a7950,2023-02-01,1040519.8783027943
p-6c87475c6,2023-01-01,715978.6149547338
p-32d18ba89,2023-02-01,1247442.876252798
p-3cb8dd891,2023-01-01,1525204.5577547394
p-bc64d0b54,2023-03-01,1507483.5635260222
p-b324a56df,2023-01-01,9981063.433778036
p-e91943d69,2023-01-01,595024.5628904318
p-abdbbebae,2023-02-01,1451746.362281036
p-deb5e53db,2023-02-01,1456395.829886747
p-0b10511dc,2023-02-01,3553293.764312578
p-88aa1401a,2023-03-01,1443923.729524253
p-04993a165,2023-03-01,1145643.1070101736
p-af77d804e,2023-02-01,1617744.2492778578
p-28fbfd28b,2023-03-01,2130617.8256888934
p-46215593e,2023-01-01,1744231.0513422485
p-4dcfa9c0b,2023-03-01,3523688.131623246
p-ab966b013,2023-02-01,3443412.3217415637
p-b61d49ab4,2023-02-01,3439983.5239572753
p-fd3284e0c,2023-02-01,1677117.240214768
p-fb0450d81,2023-03-01,905212.0709186929
p-dfb4e060e,2023-01-01,714954.2969864624
p-333c7198f,2023-02-01,716745.3506926624
p-333c7198f,2023-03-01,716745.3506926624
p-4850783d2,2023-01-01,1191259.4894054816
p-a9a7e58c8,2023-02-01,2954100.731717913
p-926b89398,2023-02-01,1255624.54087319
p-4da9beea7,2023-02-01,3058042.6844436005
p-f37b718b9,2023-01-01,2268243.9691863833
p-f37b718b9,2023-03-01,2281564.5189748267
p-a1379034c,2023-03-01,2087415.9802386945
p-a4a64b09f,2023-01-01,2183449.0145916375
p-260f65c95,2023-02-01,1907295.0028681827
p-260f65c95,2023-03-01,1907295.0028681827
p-2b36dd68b,2023-02-01,1933015.7012363626
p-2b36dd68b,2023-03-01,1933015.7012363626
p-fa3e392d6,2023-03-01,2280183.1391455354
p-e1b18b41b,2023-03-01,1994331.119851306
p-281b8bdfa,2023-03-01,8558013.231350744
p-c526fe230,2023-03-01,2565638.2122477135
p-3084ce353,2023-03-01,1314226.5462717863
p-bcb600a91,2023-03-01,4534034.951165142
p-9ef033131,2023-01-01,5985519.138083968
p-7750a032c,2023-01-01,11658675.83226675
p-6fe9388d6,2023-01-01,2060367.0043436359
p-f1557d6c0,2023-03-01,1028746.8628091046
p-d21b0f5c5,2023-02-01,734083.0199882156
p-7dd0f69fd,2023-01-01,986765.0459752968
p-eda5a3c8b,2023-03-01,1095774.9515848781
p-c9ec3ad60,2023-01-01,1757535.858937196
p-32f2dc048,2023-02-01,1924539.8720271357
p-a8658b10e,2023-03-01,1692515.1415485316
p-18cc1f8fc,2023-02-01,5040919.016627981
p-0633b35ec,2023-01-01,4107048.3930770434
p-4c88ed818,2023-03-01,5608708.715225116
p-311d52988,2023-02-01,903969.5825348148
p-b4402b2d0,2023-01-01,1777269.2394669836
p-3bad51017,2023-03-01,2613721.4066822245
p-f645a4cb3,2023-03-01,1670818.939397216
p-a69172e72,2023-02-01,3442286.848586949
p-6f7b07c0e,2023-02-01,1318120.972732347
p-38f61941b,2023-03-01,1194100.993451629
p-a316948da,2023-03-01,974394.5415000116
p-9c9c110aa,2023-03-01,949899.1963295488
p-50b9ecb8f,2023-01-01,1803437.4065840866
p-96daa6fae,2023-03-01,3796546.204496128
p-ac0085878,2023-02-01,2122888.0779631706
p-3df75724e,2023-03-01,1156091.103082568
p-ddc755367,2023-02-01,1587983.1885911247
p-8e4edbac2,2023-03-01,3757639.0263980236
p-742a59fe0,2023-02-01,1641336.4441190981
p-e8c756203,2023-01-01,1353795.8723844017
p-340cb4748,2023-02-01,1277191.484244006
p-c9a4db197,2023-01-01,1345036.695721358
p-ac11cc0b9,2023-02-01,1234933.8082053605
p-f547685be,2023-02-01,8106095.276998743
p-5ff2ec605,2023-02-01,775811.3949000476
p-f6ac9a98c,2023-02-01,1160673.03157985
p-dd2958c63,2023-03-01,780551.4539326373
p-8b1edbbc9,2023-01-01,1489587.438863735
p-d3b59c80a,2023-02-01,892980.4032114808
p-dd9a266c8,2023-01-01,2855577.150630221
p-ff93e87ab,2023-01-01,3168239.5740970075
p-ad74e6f04,2023-01-01,3459668.2571132127
p-b580b2777,2023-02-01,9464517.209352098
p-cd8abd4a5,2023-01-01,8369200.175890643
p-6f168fa65,2023-02-01,3465021.794492727
p-6f168fa65,2023-03-01,3465021.794492727
p-0d9a70699,2023-03-01,3524401.476404468
p-7bdfe4469,2023-02-01,3622950.3737102305
p-9368731b3,2023-01-01,3523933.441090994
p-f103810ac,2023-01-01,3538478.6760836714
p-244503baa,2023-03-01,703108.6533122723
p-3fa32b52c,2023-01-01,710059.8029022396
p-deca304e2,2023-02-01,1261188.4052156662
p-c6f58fee4,2023-02-01,2355723.6529650586
p-7fa5007b7,2023-02-01,1267479.2979283796
p-c4dc7b524,2023-02-01,914339.8942001534
p-d910577fa,2023-01-01,2424568.523788191
p-13c1f2858,2023-03-01,917456.4694517768
p-ddc784e13,2023-02-01,1853025.9890037808
p-f0451a669,2023-02-01,2294198.919921951
p-63d666eed,2023-02-01,2302982.004774594
p-5e5b1a76c,2023-02-01,882182.7515873916
p-a0c1e55f2,2023-01-01,915833.0407059818
p-0e30d1697,2023-03-01,897515.7042578572
p-721e5a6ad,2023-02-01,678001.256855968
p-60234a2e4,2023-03-01,1576423.511002688
p-40a2cf353,2023-02-01,1577284.694182614
p-b8c61c88e,2023-02-01,1405432.8744831213
p-b8c61c88e,2023-03-01,1405432.8744831213
p-c064b1b55,2023-01-01,1219019.2899813342
p-4d92acf7c,2023-01-01,881875.5741279074
p-1f40b3e82,2023-02-01,1950710.0586747131
p-e4d9e6e51,2023-02-01,2014966.2543956356
p-eb5cc946f,2023-02-01,2213403.9413903216
p-db91fe5d8,2023-02-01,1521251.985728563
p-74434824c,2023-03-01,4410526.228503841
p-bc281dbb7,2023-01-01,2211342.4469488366
p-24514a4d0,2023-01-01,5364779.1105547575
p-2ba399112,2023-01-01,5011030.761268276
p-656a5ceb9,2023-02-01,1364693.6148278927
p-0ca81ab48,2023-01-01,2152766.2667507916
p-cc8cf982d,2023-01-01,1456086.438992615
p-b78cb5d79,2023-02-01,736434.2315398573
p-cf2374971,2023-03-01,3787391.2710835906
p-dca76ad18,2023-02-01,3873650.3254125216
p-b246a6006,2023-03-01,21090241.491187394
p-b16fabfc2,2023-03-01,2827429.4821808604
p-23af34993,2023-03-01,3295069.718251373
p-b98adfa75,2023-01-01,1716815.1204568422
p-7ed817576,2023-03-01,1174060.8276288924
p-9f0515ff7,2023-01-01,11463242.856931
p-9f0515ff7,2023-03-01,11473916.605534185
p-853706dbc,2023-02-01,11811311.858514765
p-196442456,2023-02-01,1852603.8227696836
p-078886dc5,2023-02-01,705091.5547069267
p-6b38017c3,2023-01-01,4517165.870362595
p-72ee1b668,2023-03-01,3865111.2611631574
p-449e35abd,2023-02-01,4006799.9188614083
p-c002156f6,2023-02-01,1299026.39378572
p-46513979f,2023-02-01,1224256.8932083978
p-445e31383,2023-03-01,644876.7762431111
p-647f7a1fb,2023-03-01,688622.458047263
p-1f43fbaee,2023-01-01,1133877.1070420754
p-40f57ba1f,2023-03-01,759475.967297663
p-c1aadb29b,2023-03-01,732192.1002533546
p-a1f4d142c,2023-02-01,4161177.3616265752
p-4a2572a52,2023-03-01,4698772.957311656
p-59ddabb31,2023-01-01,3990427.473107647
p-59ddabb31,2023-03-01,4001666.382273523
p-559d6da18,2023-02-01,2746857.6416224884
p-3cc6c4da6,2023-02-01,3763221.286113922
p-db3409564,2023-01-01,2997552.6769436975
p-6cd12ea02,2023-01-01,820899.348620268
p-bb493292c,2023-01-01,790817.2443795365
p-4cd8ef746,2023-02-01,1123577.3475360756
p-ccc15300e,2023-03-01,2095298.310278359
p-013a02fcd,2023-01-01,1492534.9972892774
p-5b7947015,2023-03-01,1501875.1210613167
p-99d479aaf,2023-02-01,872216.7451493139
p-fe1229a0d,2023-02-01,1647006.6412172955
p-4d13785de,2023-02-01,7355490.871359922
p-fd79493f7,2023-02-01,7107279.710670001
p-218c347f8,2023-03-01,1430709.755026347
p-d10b27cc7,2023-03-01,1487053.948366496
p-3ccac1820,2023-01-01,2223916.723463933
p-920d750e9,2023-03-01,2566898.174820905
p-7cf2214f8,2023-02-01,2526980.3730431087
p-012afe47f,2023-02-01,697742.6606853179
p-012afe47f,2023-03-01,697742.6606853179
p-b5a642e65,2023-02-01,1884243.0458309993
p-2aeb2be45,2023-01-01,2195320.018676018
p-d0175cd45,2023-01-01,3644454.411807412
p-aad0431d7,2023-02-01,2229340.250798414
p-4d96a3d35,2023-03-01,3323565.2015979993
p-84d333ebc,2023-03-01,3383444.9181863456
p-bb0b73b63,2023-03-01,818699.669621839
p-4db278e26,2023-01-01,2397354.9590834132
p-50aa2faad,2023-02-01,2254029.8259819485
p-dad43a669,2023-02-01,2623537.1840907726
p-b6da187fa,2023-01-01,1139448.4817627065
p-ac9fbd862,2023-02-01,1160619.5003657213
p-c8ef0efa3,2023-02-01,1630313.533407794
p-c9b32b4f7,2023-02-01,788283.3261076538
p-9fab889cc,2023-03-01,1139911.426228241
p-fccb28b0c,2023-02-01,813710.8115744158
p-78941e60f,2023-03-01,1147846.743478266
p-4cef79f22,2023-02-01,1727986.796499261
p-c7bb23d10,2023-03-01,2312129.1999972505
p-74b1284c7,2023-03-01,2201677.4563935045
p-0b151faee,2023-03-01,1342891.3057626013
p-915c8cb16,2023-02-01,1762888.8639809096
p-c391af005,2023-03-01,2785969.5722722197
p-e7f92e71a,2023-03-01,2833708.7336500846
p-29ef8e5bc,2023-02-01,1224804.7668092889
p-419370eae,2023-03-01,1811538.2063780802
p-eec63ffc8,2023-01-01,844632.4569157892
p-0116f4e31,2023-01-01,7766705.773879957
p-d2aac6b05,2023-02-01,3640023.60403513
p-16ab7980d,2023-03-01,4115772.519276903
p-66525a91f,2023-02-01,919354.8028503321
p-2f663b011,2023-03-01,2486146.6002343227
p-81176128a,2023-03-01,2475347.957921093
p-1e12307a8,2023-03-01,8548997.329731839
p-f8d659aa5,2023-02-01,3424042.020883158
p-da9a8f29b,2023-02-01,3763538.60017453
p-2dc7b35ba,2023-03-01,967735.8402518496
p-7a9cb0d56,2023-01-01,1497258.483723343
p-e1e37e6fc,2023-02-01,10333028.996511944
p-f33077684,2023-03-01,3362368.199911177
p-748fc2377,2023-03-01,3833039.2629644494
p-f439afd87,2023-02-01,2663926.466212276
p-1b91b5069,2023-01-01,633690.587262461
p-af6562e6c,2023-02-01,1480402.8498306123
p-4c02d44fe,2023-02-01,1422932.9658711376
p-30fceabb3,2023-02-01,1185779.2459639027
p-bf0329014,2023-02-01,3059527.1890838146
p-bdff17c05,2023-01-01,3241632.4553991756
p-cf42b49ff,2023-03-01,859077.1065653083
p-9f23cbe0d,2023-02-01,2141151.9287681617
p-9d266c616,2023-01-01,2929142.26998097
p-8d7b5143b,2023-01-01,5977397.1917477725
p-5e145418e,2023-01-01,2896565.5625925395
p-532fea458,2023-03-01,2514933.377160275
p-3804753d7,2023-01-01,1483205.7307352687
p-7aaa1c4d4,2023-02-01,7351055.495548227
p-b95f807ee,2023-02-01,6529240.591725426
p-11b81d715,2023-02-01,6832976.009536794
p-a1291290f,2023-03-01,1637193.4534308917
p-a5a88735d,2023-03-01,1706559.2163181757
p-ea35b12e7,2023-03-01,1676844.5699317302
p-8a5ec7374,2023-02-01,2210423.414414354
p-fc2f3d902,2023-01-01,3059747.913136562
p-6501bf32a,2023-03-01,623674.3093416474
p-e52449b06,2023-03-01,1879831.5301170452
p-41a271c24,2023-02-01,1924913.77564539
p-76631f562,2023-03-01,1764269.0034382984
p-714a582d3,2023-01-01,1022130.3926611689
p-d4acf1bfa,2023-03-01,8966786.182446158
p-ccd5cb82c,2023-01-01,5030825.552790753
p-10f0be60d,2023-03-01,1591135.417943236
p-e1a163f13,2023-02-01,1166512.2333993453
p-f4576da66,2023-02-01,1638264.6223336111
p-ee08afc39,2023-02-01,2215589.4168598275
p-51140157b,2023-01-01,2198749.457526578
p-369202760,2023-02-01,2338387.8484029267
p-6d4d97d46,2023-01-01,1548847.3261236232
p-6d4d97d46,2023-03-01,1562545.7019459356
p-4676001e3,2023-01-01,1547930.2528397313
p-de973e709,2023-01-01,1553019.2933084487
p-723f838cf,2023-02-01,1245008.9664634329
p-7f13c64b0,2023-01-01,2080423.0281809897
p-d51e46462,2023-02-01,1605490.9036236433
p-c6d08f43e,2023-02-01,4289206.611094211
p-f16f2b15f,2023-02-01,3719500.9987880425
p-552610c74,2023-01-01,4081582.1472773603
p-e206fac43,2023-02-01,4234362.948869898
p-3cffb20dd,2023-03-01,5499748.086904653
p-e00d35da1,2023-03-01,1437264.7712830084
p-ccdb28a25,2023-03-01,4926618.69648315
p-abfb57708,2023-02-01,3377461.1033308483
p-0cabd9ac6,2023-02-01,1262332.855431973
p-3b85c88a3,2023-03-01,3604234.3156328583
p-b78fe86d1,2023-02-01,3213176.9716590443
p-86a0f53a6,2023-01-01,1573362.1269945686
p-86a0f53a6,2023-02-01,1561217.677232193
p-3b10b5f86,2023-03-01,1925341.8010452935
p-22226ce1f,2023-01-01,631467.5443026981
p-22226ce1f,2023-03-01,629845.9112753308
p-3330034a1,2023-01-01,622432.7753986806
p-3330034a1,2023-03-01,620811.1423713133
p-b91cdba32,2023-01-01,1123596.2237985379
p-b91cdba32,2023-02-01,1117049.0889940483
p-723edbdd2,2023-02-01,1427963.4502699247
p-53bd36739,2023-01-01,621598.9988312881
p-c1c3f5cc6,2023-01-01,1617086.7385048114
p-b17d93ac2,2023-03-01,1705801.1078233146
p-a627905e4,2023-03-01,2169345.4676671796
p-f0a5aceee,2023-01-01,5390556.009060573
p-22531d9db,2023-02-01,2363824.852610025
p-5e04c664d,2023-02-01,1635510.1278887375
p-881b9628f,2023-01-01,1723034.3341296825
p-9132c9c61,2023-02-01,570357.1868400814
p-3263e6e43,2023-02-01,1589561.7452783687
p-8dd614d6c,2023-02-01,2973459.148227563
p-57de21604,2023-01-01,2005690.7888284873
p-de7c818d5,2023-02-01,1842019.9528581914
p-cbac8b90c,2023-03-01,1769433.1266938199
p-5bfb49fff,2023-03-01,1494756.7502594187
p-f73a27c32,2023-01-01,1059968.1215609484
p-1b9fb7dcc,2023-02-01,1595635.52331531
p-9c6042bd4,2023-01-01,1452733.103473856
p-b2fb608ae,2023-02-01,991715.1018059151
p-a2eb56d66,2023-02-01,1601140.9724134095
p-aa5388381,2023-01-01,634815.5010676055
p-64699aa45,2023-02-01,1295583.865508933
p-f47b7b53d,2023-01-01,877921.4721202991
p-89cc94656,2023-02-01,654130.7004347271
p-957f693a9,2023-01-01,6280519.812686245
p-e00d46f4a,2023-01-01,892262.5125599062
p-0fcfdeb2f,2023-03-01,821007.0275915486
p-ff14857ee,2023-02-01,1606977.7448785643
p-6e73e2561,2023-02-01,1380145.5569061353
p-6e73e2561,2023-03-01,1380145.5569061353
p-c6829b567,2023-03-01,1549786.7569945913
p-276732495,2023-02-01,1878969.1036994997
p-a8154b0c7,2023-03-01,1793987.9965056495
p-851fc9192,2023-03-01,2866382.560269868
p-a843e1fe1,2023-02-01,1093850.0825158658
p-c5f93719c,2023-03-01,1551798.5588819156
p-105e13921,2023-03-01,1109016.5079948897
p-72d41e29f,2023-02-01,658357.8247983543
p-72d41e29f,2023-03-01,658357.8247983543
p-c2901f176,2023-01-01,1537688.0299873217
p-79060cbe7,2023-03-01,2678728.871129485
p-29801bcc3,2023-03-01,1488523.0664941801
p-167d5eb85,2023-01-01,738481.3970179248
p-ca8fd9f95,2023-03-01,744838.501303767
p-befc52ec6,2023-01-01,766632.6506543118
p-f7fd4f158,2023-03-01,1120497.7914273285
p-518140efc,2023-03-01,1179564.7612214035
p-56aaacac9,2023-02-01,1093316.6230853542
p-ef8af58d3,2023-03-01,2437546.920169189
p-8acdf9961,2023-01-01,1301234.747383512
p-785506bf2,2023-01-01,1104330.6981416834
p-51df1e6e6,2023-02-01,2779383.353398615
p-7c4349dba,2023-01-01,2147176.0725271874
p-2c6cad997,2023-02-01,2743395.48391536
p-45a12c97d,2023-03-01,2787403.992611741
p-dfd0ec5d7,2023-01-01,1698884.4214963284
p-02b5e3818,2023-02-01,2203925.3017595396
p-0d93e49c9,2023-03-01,1220710.5408924294
p-6419505a2,2023-01-01,1396417.0531801002
p-7a0432424,2023-01-01,1365267.5269725483
p-ed415509a,2023-02-01,2287052.9951787232
p-01e009237,2023-01-01,2667506.5084465067
p-ae6c69a2b,2023-01-01,1341010.4944343965
p-0bfec52b0,2023-02-01,1118167.2906498949
p-05726e583,2023-01-01,1207466.7075586228
p-7fef6633c,2023-02-01,2565128.2353869476
p-85f824446,2023-02-01,2635362.8974856283
p-03009a2da,2023-03-01,1498252.686299503
p-33642c77c,2023-01-01,1501448.581534093
p-8bdaa83bb,2023-01-01,2015809.561750681
p-b776c674a,2023-03-01,2092451.4316934496
p-0c7da6183,2023-03-01,1203328.5741021705
p-ed947b02d,2023-03-01,944476.1359138207
p-4977b018f,2023-03-01,840227.9160728658
p-63fdf2a6a,2023-01-01,839347.2846741073
p-1260ef6ef,2023-03-01,1703525.9432668197
p-583ce8a4b,2023-03-01,1332171.4999032174
p-2d320e230,2023-03-01,1674906.9183642417
p-d2fe14b9b,2023-03-01,1449029.6093934542
p-56319d6b6,2023-03-01,1405081.979646618
p-3bb350fb1,2023-03-01,1406491.5977308552
p-c99d546b2,2023-03-01,1881246.365725812
p-4aba93253,2023-03-01,1568403.894105142
p-8322d759a,2023-03-01,1582041.179717696
p-53d10e2b1,2023-03-01,728188.0005181535
p-ed111ed9f,2023-02-01,1526492.481405642
p-0777d7712,2023-01-01,949843.2142018848
p-4ce0ec035,2023-02-01,1828509.5835446573
p-f96161812,2023-01-01,1447995.3153530604
p-4eea1ac19,2023-02-01,1453209.4237322754
p-6c540d8bf,2023-01-01,3080060.454765845
p-e7da74585,2023-01-01,1529405.95505658
p-f3e840d6b,2023-03-01,6085139.794973809
p-e21b97479,2023-01-01,684986.9075123487
p-bfb9c988e,2023-01-01,1641123.035750436
p-8eb0b97df,2023-01-01,1183099.3018425833
p-d6a29574e,2023-01-01,1367047.5494352607
p-0cf022259,2023-02-01,1375185.1927332527
p-0bf73ebf6,2023-03-01,1462732.1172649192
p-854713d1b,2023-02-01,690964.5087678556
p-0fd66490d,2023-03-01,1206813.1410784863
p-91cc107fc,2023-03-01,1087895.6588166119
p-236cfa877,2023-03-01,1844744.1384112516
p-baf90756c,2023-03-01,854563.9837031793
p-e8d25c9cd,2023-03-01,1110111.5643316284
p-808332e5c,2023-01-01,1056751.1061531745
p-808332e5c,2023-03-01,1061066.3393602408
p-2d8446606,2023-01-01,1006860.0424403553
p-91db173c9,2023-03-01,1402710.8279318241
p-2bc4ab17c,2023-01-01,1201416.9066066823
p-d09818491,2023-02-01,1281309.8746298691
p-a9a8b5069,2023-01-01,1616715.442546421
p-5c913cf0e,2023-01-01,1331169.15044776
p-d3da2a46e,2023-01-01,1559574.9796021907
p-a02ca4cea,2023-01-01,2151647.8830449376
p-974a03785,2023-02-01,1569103.4319512902
p-4ccbb9b1f,2023-03-01,1702047.245371496
p-1414efd64,2023-03-01,1617717.0840712336
p-cb7d22b57,2023-01-01,1679291.64530382
p-664b05554,2023-03-01,1538069.19880821
p-f77752353,2023-02-01,1545882.265045334
p-f6e031a4a,2023-02-01,672814.6869446748
p-8fb39c326,2023-02-01,1838003.3419099387
p-96fef5cb3,2023-01-01,2000085.251184426
p-5a1a8f09d,2023-03-01,2217109.226974351
p-27cba1bff,2023-03-01,2471240.44658926
p-53d67a658,2023-03-01,2116934.6998032727
p-8461019f4,2023-01-01,2381688.290018485
p-141bd55d6,2023-02-01,2030920.1525790947
p-71a1e5dd2,2023-01-01,2451072.4066979117
p-29904cb5a,2023-03-01,2429806.3708442925
p-0da3c3340,2023-01-01,1156281.4041304027
p-fd5ad92bf,2023-02-01,960634.475264925
p-4a494b2bf,2023-01-01,1127190.1663895594
p-c911c662a,2023-02-01,2136226.4668967132
p-09406d560,2023-02-01,1637208.706679985
p-15fe74d40,2023-01-01,3364036.929889827
p-ae73e99aa,2023-01-01,1123564.8642650896
p-2f6fcdbe9,2023-02-01,1622968.3684277814
p-aa58ff8e5,2023-01-01,1177950.9398368297
p-ebb96f1c8,2023-03-01,1723797.2883790643
p-1e35b7e1d,2023-01-01,1142341.9945725177
p-868cf0646,2023-02-01,1511288.682819559
p-a3b98a7ab,2023-01-01,2160639.9988443195
p-46d5f312d,2023-01-01,2165175.677852594
p-dd6ab71e3,2023-02-01,2229383.730524995
p-6ff4a0223,2023-03-01,5255628.959982794
p-55188550f,2023-03-01,1366078.3091044524
p-766545386,2023-03-01,1502212.9391204014
p-6a7d66006,2023-03-01,1272918.7981683032
p-7bcb2147e,2023-02-01,1833119.7127108658
p-0e53b9e78,2023-01-01,1500563.640506032
p-0c00017d3,2023-01-01,1673400.481557713
p-0c00017d3,2023-03-01,1678260.9566777733
p-f6824d3a2,2023-03-01,1215197.816555635
p-9e0b61fdb,2023-02-01,1830841.1715921257
p-a7327b79c,2023-02-01,1038787.074478945
p-7826ebc0d,2023-01-01,1422254.1549205778
p-3abe6b627,2023-01-01,1198591.6321932804
p-bad032202,2023-02-01,1936967.425178188
p-721153108,2023-01-01,1525696.254505748
p-b0154cda6,2023-02-01,2270987.4433427504
p-4cd2b6bb1,2023-02-01,2593139.140984938
p-ae029d723,2023-01-01,4049763.2729544705
p-85d450b32,2023-03-01,1824763.526239304
p-a8eb8e7b1,2023-01-01,1819216.9137246404
p-4d5755e89,2023-03-01,1801151.6329731736
p-654b8a2cf,2023-03-01,4211293.61070635
p-6a69b958d,2023-03-01,1367751.8888919095
p-7a219279b,2023-03-01,1473661.2155463488
p-3ec0136b3,2023-03-01,839049.1796940926
p-152d5dddf,2023-03-01,1560853.285836758
p-c53d2e0e2,2023-02-01,1273248.1185364285
p-a267155ce,2023-01-01,1505207.633315834
p-80c8c4233,2023-02-01,6431096.636578637
p-7814aedb9,2023-02-01,1209217.5168917866
p-dfd22f9a6,2023-03-01,1355029.8789626216
p-84ac9969f,2023-01-01,1345725.3484293201
p-caac3ede4,2023-01-01,1440550.4390816048
p-3180cb515,2023-01-01,1663065.0871724295
p-3180cb515,2023-02-01,1657425.3153721346
p-df2b66017,2023-01-01,1151650.8421957463
p-e6a95ade3,2023-01-01,7229141.193918173
p-e6a95ade3,2023-02-01,7130375.834271941
p-2bc86e781,2023-03-01,6215114.422518595
p-771ceb9a9,2023-03-01,4035564.9825841472
p-616b8596a,2023-03-01,7692046.467644772
p-a94f27f21,2023-02-01,4079192.395767787
p-a0c330436,2023-01-01,642102.2162732063
p-c83ef1c29,2023-01-01,669641.2974324343
p-d3b005d6b,2023-01-01,1704675.0906252845
p-4a71f2b12,2023-03-01,1345280.2248750818
p-534439255,2023-01-01,5811796.488311025
p-c8b1d60ec,2023-02-01,897647.2656461151
p-36089ad87,2023-03-01,2264366.3247195147
p-903427aca,2023-03-01,1320520.5446276313
p-8a007af3c,2023-03-01,2086552.4420404609
p-9f3e7483d,2023-02-01,962989.3191795129
p-1862968f5,2023-03-01,995299.1504237833
p-d3a444655,2023-03-01,2179679.2913613487
p-e89d03f11,2023-02-01,4656590.928367176
p-42048ccc6,2023-02-01,729743.06402728
p-e352a81ce,2023-01-01,714417.288525251
p-a74991a15,2023-01-01,1083953.203791893
p-707bd2a8f,2023-02-01,1566297.6650092965
p-cb063dfa2,2023-02-01,1988598.2440811882
p-3d1eb6aec,2023-03-01,1451091.2265275498
p-33e519930,2023-01-01,1701916.155830512
p-99d55c4b8,2023-01-01,1800997.227747406
p-be48bd65e,2023-03-01,1330809.68144583
p-02662f8af,2023-03-01,1288141.2824688642
p-47c0ac28d,2023-02-01,1382498.0144141472
p-7850ecc83,2023-01-01,1465560.333781514
p-0a67a49ae,2023-01-01,1665827.7170393954
p-bfb172791,2023-02-01,1913937.7742511937
p-2556b40c6,2023-01-01,2529707.419343386
p-696a22a8d,2023-01-01,2606043.2829647786
p-8926c51cf,2023-03-01,3295354.58687703
p-71bcc7b14,2023-02-01,1317110.4332896313
p-0be344db6,2023-02-01,974736.1190212591
p-9e4b2a5c9,2023-03-01,1742001.380982272
p-07e7e9e72,2023-03-01,2836066.5122558107
p-36de0ebe2,2023-01-01,1545504.4036707494
p-60ebe29db,2023-03-01,1575671.4472996907
p-876227216,2023-03-01,1244835.899468227
p-eea8a3143,2023-03-01,3951984.4488472077
p-0757c76fd,2023-01-01,4328567.46919332
p-6641cece6,2023-03-01,3620365.3383501684
p-ee3bd5d07,2023-01-01,1019469.6466906392
p-491324b5a,2023-03-01,986942.5156386908
p-80c5a7a5f,2023-02-01,838325.5635569509
p-5584583d8,2023-01-01,1169445.962328283
p-20df325ec,2023-02-01,1083062.8941154778
p-cba26f58c,2023-01-01,992894.0014053707
p-e0ffe06fc,2023-03-01,1075395.4285093888
p-48db4df02,2023-03-01,677322.7867319019
p-9ab5ef1ce,2023-01-01,1303282.139512192
p-9ab5ef1ce,2023-02-01,1302622.2456945833
p-0bba1af88,2023-01-01,1196274.821024166
p-4ffa8c51d,2023-02-01,1396035.3011426087
p-34a95418a,2023-01-01,1410652.1043220293
p-7f4123fe2,2023-01-01,1301415.6714349757
p-1b3a4af5f,2023-03-01,1976128.1171751674
p-aa6ad8a77,2023-02-01,1883165.6438962556
p-715472299,2023-02-01,1370131.968019885
p-154ecbc8f,2023-02-01,958999.8319464828
p-208f28b19,2023-01-01,788191.1307223649
p-1757361c0,2023-02-01,804832.3593079341
p-da2111512,2023-02-01,1483576.8858028008
p-6407b14ea,2023-02-01,1082504.4348163626
p-18ef0fd06,2023-02-01,1641845.6625037768
p-779419b7e,2023-03-01,1375246.7571208074
p-303216561,2023-01-01,1403091.8788748765
p-ea3e8da62,2023-03-01,1743871.830049528
p-6ca32de7a,2023-02-01,925355.7070987908
p-32f370100,2023-02-01,945488.598501371
p-0b8ce19d5,2023-03-01,957042.7872645924
p-223f80a1a,2023-03-01,1763493.7225194382
p-b8dd5998b,2023-02-01,965859.5318491737
p-8ea946bee,2023-02-01,744334.2659968224
p-1f4a85b14,2023-02-01,748340.9522312963
p-b2e2f2d43,2023-02-01,1426917.860522684
p-b1e011fc7,2023-03-01,1830399.487279592
p-a41b4706d,2023-01-01,1402699.889491723
p-ccdc55a55,2023-02-01,2110141.192272578
p-13c4cd73f,2023-01-01,1282629.0860661601
p-67042e3be,2023-02-01,816060.2497537275
p-ef8de3f99,2023-02-01,1804918.2818908794
p-5347231ad,2023-02-01,867583.2508377783
p-83e44af42,2023-03-01,828348.828149047
p-11ec84f1d,2023-02-01,1278457.7869482848
p-6cd17f247,2023-02-01,1677541.6069152479
p-1e3d0aeb5,2023-02-01,1699106.8708752883
p-ed4e577e7,2023-02-01,1592845.7698719918
p-ddcd32633,2023-03-01,1975602.9257782605
p-5cc4fd74a,2023-02-01,1241474.5590700854
p-6b16515c3,2023-02-01,894514.5318532079
p-bc382fb94,2023-02-01,1094082.7563522954
p-824359562,2023-01-01,956842.3491452279
p-3dabf7a53,2023-02-01,990946.4519447627
p-2fb2f8975,2023-02-01,1097758.1325795657
p-2fb2f8975,2023-03-01,1097758.1325795657
p-1581def8b,2023-02-01,638999.8556998548
p-b6cdcaaa3,2023-02-01,1399177.2404565373
p-f7fbbdf91,2023-03-01,1347651.6321595588
p-ebe15a7cf,2023-02-01,1361053.5933535052
p-70d2ce266,2023-01-01,1887700.167655849
p-db5486484,2023-01-01,1452375.4384346877
p-fcc27817b,2023-02-01,1194896.9132698737
p-478a233e8,2023-02-01,1357576.07451915
p-81611f341,2023-03-01,2483331.652179478
p-e83fa3268,2023-02-01,2510954.698029754
p-12d047570,2023-01-01,2428435.577647079
p-a2056be29,2023-03-01,879445.650394997
p-693909c68,2023-02-01,882941.8888494567
p-693909c68,2023-03-01,882941.8888494567
p-3ea1f8a2f,2023-02-01,1207966.2413102235
p-d0bad2a41,2023-01-01,915072.503928311
p-c0bcdd442,2023-01-01,1260008.5748055943
p-c0bcdd442,2023-02-01,1259361.944505168
p-1f2f43340,2023-03-01,929958.9028525709
p-ff65595de,2023-02-01,627820.2729164442
p-586d7d45a,2023-02-01,603214.6396976942
p-5b9b6a1c7,2023-01-01,1465074.7859578948
p-0cf0e2555,2023-03-01,1393895.9645625316
p-23b45ee93,2023-03-01,1255896.1393668042
p-98ff583b8,2023-02-01,941955.5540764749
p-98ff583b8,2023-03-01,941955.5540764749
p-fc0fba8c3,2023-01-01,1393795.5874024923
p-fc0fba8c3,2023-02-01,1394691.2792344731
p-09c6e78ff,2023-01-01,955348.2437952586
p-04008c143,2023-01-01,972916.8143341155
p-04008c143,2023-03-01,975143.3861187865
p-a434ff2cf,2023-03-01,1652738.606256614
p-e10ae7618,2023-02-01,2893411.5820132527
p-c9db3a170,2023-01-01,1846415.0209873277
p-ac5837bc0,2023-03-01,1272652.444325014
p-87698f81c,2023-02-01,3388961.264968119
p-32885b22f,2023-01-01,2174488.2332491805
p-90cf0745a,2023-03-01,1948374.597305441
p-fe943f54d,2023-02-01,1460814.4040753993
p-fe943f54d,2023-03-01,1460814.4040753993
p-da4b2d6f2,2023-03-01,1514562.3875619792
p-00209d8b1,2023-02-01,1178749.6715042263
p-c63241e09,2023-02-01,1205629.4776747841
p-d88f041a4,2023-01-01,1658156.7828002973
p-4c24977f8,2023-03-01,1202565.210100962
p-ddcd566c8,2023-02-01,1123001.5208603472
p-4ac5c70ea,2023-03-01,1467510.5656692225
p-b667b584b,2023-03-01,1443020.6752740138
p-385fd00d6,2023-01-01,1595552.2586395089
p-f78b64a2a,2023-02-01,1629637.883993662
p-3a0d3758c,2023-01-01,2435461.482308455
p-8923c8c2f,2023-02-01,1340428.8278388695
p-bbd93cce6,2023-01-01,1342159.0202495893
p-6b405841a,2023-03-01,1347104.5613203836
p-530e6789e,2023-01-01,1299452.024749093
p-721aa0470,2023-03-01,975996.2184135087
p-7437afcbb,2023-02-01,1155079.8464378943
p-c65fb166f,2023-02-01,973580.9018022084
p-6e9cc4da0,2023-01-01,1185157.558460124
p-ecd675aa1,2023-03-01,1631565.4209731573
p-b734d483c,2023-01-01,1877777.2197335593
p-7083b11e3,2023-01-01,3339888.6011405056
p-ac4b67314,2023-02-01,1231160.1226963347
p-185991c5f,2023-03-01,1692312.0660309584
p-fe5dc2955,2023-02-01,1200911.2483818477
p-fe5dc2955,2023-03-01,1200911.2483818477
p-a631804e2,2023-03-01,1614554.9721988807
p-510bffb59,2023-03-01,2040426.8006778702
p-33750c77f,2023-01-01,1625708.6908258987
p-95f42ab6b,2023-02-01,3039010.015274318
p-1897b0ae7,2023-03-01,1167733.586082839
p-19e31be62,2023-02-01,733810.0545104238
p-7c52e7cb7,2023-01-01,1135655.0661730363
p-7732455a7,2023-01-01,2009178.7872844574
p-63c14eec5,2023-01-01,1650572.8863021533
p-63c14eec5,2023-03-01,1663491.4387956536
p-2ee98339d,2023-01-01,1773454.0429561946
p-d381af380,2023-02-01,1370822.9080838938
p-91526772e,2023-03-01,5258055.819633323
p-3a8e06415,2023-02-01,2992104.218329842
p-9760960db,2023-03-01,1896006.4769169795
p-bb7a86cef,2023-01-01,978995.1884639879
p-c8d6b1ab2,2023-02-01,916619.9150205791
p-1bc408f8d,2023-03-01,3140252.6545519764
p-911de24ee,2023-03-01,1645387.1842572438
p-e786eaf69,2023-02-01,2650970.7834026134
p-c94ae23b3,2023-02-01,2517447.018153902
p-4146a0547,2023-01-01,3141282.8116234606
p-874c3ac65,2023-01-01,1067022.1426270537
p-667cd870c,2023-02-01,1914000.1676456213
p-7e0ff2166,2023-01-01,1835311.9032512335
p-ce6cfb26a,2023-03-01,2171552.7708352013
p-a52e91560,2023-03-01,1205952.9171695868
p-c337b5a98,2023-01-01,1754951.5718761138
p-64e46c15c,2023-01-01,1566574.982141561
p-b53912635,2023-03-01,1670314.1449125207
p-8d879ce46,2023-02-01,1186721.3013589962
p-55d4c5622,2023-01-01,1454800.813464547
p-baf5d693b,2023-03-01,3445928.00295969
p-688480ca5,2023-02-01,1465822.525649899
p-a3af1c1f7,2023-03-01,3276129.088314524
p-65282e56e,2023-03-01,1893060.5762315127
p-2b758ef40,2023-03-01,2061973.6095277108
p-34516d063,2023-01-01,1874686.414935746
p-91dc4945e,2023-03-01,1880696.4399652162
p-511025076,2023-03-01,2140746.861955442
p-3d3808f1a,2023-03-01,5334114.158046454
p-d111ba443,2023-01-01,1600067.7206679452
p-9169dc7d3,2023-01-01,3948644.4554431373
p-4c355e68c,2023-03-01,1803253.6382087504
p-7bbc9d898,2023-01-01,1472728.1854625042
p-edd3dfe47,2023-01-01,3685234.614016721
p-83dd72439,2023-03-01,1627679.487454121
p-e6f74005c,2023-01-01,1669760.3976589593
p-ccbc87f4d,2023-02-01,1192290.6184220023
p-145d19cd2,2023-02-01,1020058.474776037
p-ad538629a,2023-02-01,938036.4813606807
p-f25d0df73,2023-02-01,2510208.2986133764
p-2806432e7,2023-03-01,2438326.479857917
p-9357d6081,2023-03-01,2729029.9993549003
p-7d1cd99a2,2023-02-01,1506182.4993454164
p-3b7a6ff99,2023-01-01,1727703.597641784
p-bd65b47a2,2023-01-01,1319420.9462563174
p-5e5995b66,2023-01-01,1341355.8852262076
p-5e5995b66,2023-02-01,1349205.6554700516
p-530a8ba3d,2023-03-01,1270295.5905090033
p-3550e2c86,2023-02-01,1074877.3892179246
p-4b8711885,2023-03-01,2001247.3500208661
p-6a1887adb,2023-01-01,1834867.3728779496
p-002cd12fc,2023-02-01,1014176.1690493192
p-bef77258a,2023-02-01,1076647.6179601932
p-f4e98f6ab,2023-02-01,1645610.6727983993
p-578a2c180,2023-02-01,946806.4498500073
p-d25d07325,2023-02-01,1326139.2224763066
p-939efb2be,2023-03-01,1310121.1057049287
p-b41a35eb9,2023-02-01,1211506.5575753686
p-42e498f0f,2023-01-01,1612322.5740669922
p-8a47cf23c,2023-01-01,2356686.087498763
p-0ba2040a4,2023-02-01,766543.4212679676
p-1c9c50f4d,2023-03-01,3913313.8938727495
p-3d3a870f4,2023-02-01,4912427.648868089
p-44c12dfa3,2023-03-01,3681468.0554112853
p-68aac6f57,2023-03-01,1414127.7489467568
p-9ad43d9b8,2023-03-01,1299061.2299600453
p-a04a02354,2023-02-01,1161856.6251216498
p-cd1ddaf1a,2023-02-01,1066877.6151554668
p-a3f25268f,2023-01-01,1251900.1178108503
p-bfb9b482a,2023-02-01,2511131.092513281
p-bfb9b482a,2023-03-01,2511131.092513281
p-877817bbb,2023-02-01,1006598.6841975083
p-38ce50647,2023-02-01,962262.3703424834
p-96b496dd6,2023-02-01,1771416.1937269447
p-aee84242a,2023-01-01,3898896.799150896
p-aba23c7b3,2023-02-01,1117184.0643428254
p-99b153b9f,2023-01-01,1051097.6902120213
p-99b153b9f,2023-02-01,1054627.0588742632
p-24a9930d0,2023-03-01,1138070.4163642991
p-f73183b20,2023-01-01,1060970.770493061
p-e4b043a2e,2023-02-01,1953322.6371045518
p-0eaa97457,2023-03-01,1939519.7978960108
p-1396a78d8,2023-03-01,1408245.1585296865
p-dcfc4ed3c,2023-01-01,1585163.2165285698
p-b70564eb9,2023-02-01,3726365.8504385366
p-b3411e21e,2023-03-01,2465891.03152254
p-838710bfd,2023-02-01,2133949.473368177
p-3c3f7c892,2023-02-01,1571263.399887769
p-526ec06fa,2023-01-01,1380381.4814548816
p-8ea517600,2023-03-01,2145293.743005636
p-d9b2b0c88,2023-03-01,1543997.9747781558
p-0b7e16d1e,2023-02-01,1602133.355464426
p-e5c46e9ae,2023-03-01,1710430.990713607
p-64f0dd546,2023-01-01,1405880.6193772398
p-0279d6db9,2023-01-01,1594430.5369328235
p-20d97de4b,2023-02-01,1589403.8287209207
p-63f81c452,2023-02-01,1523835.9371622826
p-38b1af9d8,2023-01-01,850535.9993770297
p-38b1af9d8,2023-02-01,853331.3395487907
p-83ea61698,2023-02-01,953645.3115115197
p-38961c05b,2023-03-01,1187043.9172559183
p-62e74ed06,2023-03-01,840947.5293595983
p-0a4954e30,2023-02-01,929457.236096331
p-bbb2f71c7,2023-02-01,866512.0111330202
p-9d7f1875a,2023-03-01,942876.1503839359
p-81b79e3eb,2023-02-01,1372442.4555754652
p-43db98285,2023-02-01,814380.4819334517
p-43ae983e2,2023-01-01,741888.8894293968
p-aff42078c,2023-03-01,1798955.279078594
p-c0ebe2b6d,2023-02-01,1705407.172882951
p-c8da1aefc,2023-02-01,1270354.3342237377
p-4507909eb,2023-03-01,2794662.95936615
p-c6ffc11f8,2023-03-01,1822784.7202367855
p-db34f6347,2023-03-01,2400270.893903251
p-d04a97b26,2023-01-01,1110869.6113361947
p-f529d5a05,2023-03-01,1289498.3404698265
p-14c8cc560,2023-03-01,1325764.8652191104
p-77eee2874,2023-03-01,1552571.724935669
p-f8af7867a,2023-01-01,3507589.2450699112
p-2d7037541,2023-01-01,3213819.198375871
p-8e60eebdb,2023-02-01,1681670.4086498995
p-d37e4df36,2023-02-01,903906.0248538336
p-d37e4df36,2023-03-01,903906.0248538336
p-5cdb10ff7,2023-03-01,4061005.2003684505
p-3450779e8,2023-03-01,4585228.695604086
p-eb957ed52,2023-02-01,4013354.945811887
p-28d1a3e42,2023-03-01,5027654.333933898
p-a22dc7920,2023-02-01,6198462.558000024
p-a00764c35,2023-03-01,1912245.1474218315
p-9470c6290,2023-03-01,1584742.105383926
p-7ea8f1b26,2023-03-01,6262567.453483708
p-173d0679a,2023-02-01,5771211.623584069
p-c706d2454,2023-02-01,1874750.7463725626
p-c0a2b1941,2023-02-01,2570311.7059424003
p-5e20634dd,2023-02-01,2097818.21480329
p-fbbe99d61,2023-03-01,1681836.232557422
p-3877cf60b,2023-03-01,2741771.977269573
p-a26618666,2023-02-01,681097.3796011584
p-a5da1be74,2023-03-01,884675.4644953505
p-78d29b3cb,2023-02-01,1245048.438173406
p-af645c172,2023-03-01,1282836.858595457
p-7097e118e,2023-01-01,4083304.7298626867
p-eb2b464fe,2023-01-01,5584062.720733286
p-b440aedd4,2023-03-01,5068347.477985822
p-f4822a16f,2023-03-01,7492144.525781694
p-800e693e0,2023-03-01,1679673.921976183
p-c3f7d7756,2023-01-01,5298011.0495879585
p-b664de48a,2023-03-01,1516840.148368759
p-031422499,2023-03-01,894089.6940086943
p-d994bdbfd,2023-01-01,1825207.014639351
p-d26d5c88f,2023-01-01,1259327.4862619548
p-85e4cbf00,2023-03-01,1583215.463509856
p-8178c48f2,2023-02-01,596868.5992619235
p-7d7b9d9a1,2023-02-01,630075.3685815751
p-3ec9e6684,2023-01-01,1169719.1381622707
p-15432e4f1,2023-03-01,903277.6633509871
p-d77489c11,2023-02-01,5910736.880718368
p-9e0ff7ba7,2023-01-01,7104778.602408075
p-da21bfa40,2023-02-01,1752122.9472550633
p-0347ef9db,2023-03-01,7797939.300765637
p-41f9263dd,2023-03-01,981179.8339232178
p-7f2bfc5f8,2023-03-01,674377.1116629444
p-08c160a2f,2023-03-01,658317.8316784253
p-1678a870a,2023-01-01,633654.7769086224
p-3cd963055,2023-02-01,1897372.2340107688
p-454c01bf0,2023-02-01,868591.9881724134
p-454c01bf0,2023-03-01,868591.9881724134
p-0f16afd3a,2023-02-01,862535.9407634019
p-332c3daea,2023-03-01,1457999.4938364108
p-7ea6255b7,2023-03-01,1249509.6429584564
p-365b3bc54,2023-03-01,2276535.744308912
p-6f6810d11,2023-03-01,3800253.03263861
p-b5598e7dd,2023-02-01,5032323.114049527
p-f2bad4126,2023-01-01,3298418.138186508
p-50ebdddfd,2023-03-01,3352067.67617
p-0e1ebed08,2023-02-01,3495611.456603326
p-b44a0f042,2023-01-01,3038633.1044153674
p-588165332,2023-01-01,1485387.6004145031
p-2fa5de185,2023-03-01,1506942.0127447196
p-d2948c095,2023-01-01,1716876.187988065
p-41d2ad8b3,2023-03-01,1763147.328102814
p-3e2832323,2023-02-01,1759940.3115193585
p-026eaa144,2023-01-01,1257323.4972785104
p-e139bc569,2023-01-01,1627870.2705997196
p-e139bc569,2023-03-01,1621004.5888302804
p-c4596e82c,2023-02-01,2142328.6845452674
p-37655d696,2023-03-01,2297405.707244258
p-095306556,2023-03-01,1012394.3330746252
p-177ce5f66,2023-01-01,988440.032066394
p-7452a2edc,2023-02-01,1196643.6150452076
p-69bf0637c,2023-02-01,2834796.8650412587
p-7257b984d,2023-03-01,1393303.4687179108
p-3b6a11f10,2023-01-01,1605343.6719465563
p-e68e17475,2023-01-01,1628087.858113054
p-e68e17475,2023-03-01,1641448.4086886772
p-89bff05d8,2023-01-01,1749179.251163855
p-87ac71fe5,2023-02-01,1564986.3310449652
p-402192cb0,2023-02-01,1485553.4445357616
p-86b6485bf,2023-01-01,1414894.9837457815
p-a4292cdc0,2023-03-01,1141002.3670174049
p-f9ec3b957,2023-03-01,7703010.207427125
p-1aa79ed62,2023-03-01,3585098.6755477223
p-281610b73,2023-03-01,7647292.574885902
p-3a6f1d2a5,2023-03-01,1415382.629578686
p-62863e81c,2023-03-01,1353619.7519245727
p-b2bb25993,2023-03-01,1231333.715053856
p-8334356b2,2023-02-01,1760169.0610123917
p-e41f885e1,2023-02-01,1826983.0484283036
p-aaa5566b5,2023-03-01,1561400.1982920596
p-792577da4,2023-03-01,1166046.008309985
p-b83de51e7,2023-03-01,1109464.7685159997
p-180f6bea3,2023-03-01,953876.2473629649
p-52ecc5af7,2023-03-01,830227.5278798535
p-721c5f4fc,2023-02-01,1958667.2638784682
p-e33fc7654,2023-01-01,848695.8239336567
p-a5b056110,2023-02-01,1225587.316224508
p-abbb0949f,2023-03-01,940519.5025027102
p-38fe6afe9,2023-01-01,1461820.550273051
p-5a8815587,2023-03-01,1907266.576286858
p-f63a695a6,2023-02-01,1570577.4981408927
p-f86fd4053,2023-02-01,1574591.4760232102
p-64bc2fa2e,2023-01-01,2899980.9670350584
p-f3de3748d,2023-03-01,633212.2870220502
p-9637510aa,2023-02-01,600802.5487929183
p-8d7b1caf5,2023-01-01,2273333.5649718735
p-d9f71bdd7,2023-01-01,2447591.3422943978
p-f6762b56a,2023-03-01,1354294.7011321923
p-614169a95,2023-03-01,1123498.4888427209
p-8958ecbce,2023-03-01,1558312.543238957
p-3358a5cb6,2023-03-01,568411.1321693282
p-ffbb3730c,2023-01-01,1247841.202506444
p-9cf2b064e,2023-03-01,1965352.5283941107
p-0d22f115d,2023-03-01,1475747.6942827965
p-a3e50ecb0,2023-02-01,1320324.8276159859
p-6332d775a,2023-03-01,1521363.0731485172
p-d41459e33,2023-01-01,1532500.6931310855
p-0b13e3fce,2023-03-01,1469645.9803121914
p-b42690812,2023-02-01,842055.9738118838
p-e26dd4c29,2023-02-01,1075252.0340307737
p-c082ce9e5,2023-03-01,2721601.837424643
p-f8ccea9b4,2023-01-01,2072016.9477760496
p-795fa3bd2,2023-02-01,3300565.478420312
p-12fc15138,2023-02-01,1070531.0618328445
p-14ed5c3d2,2023-01-01,1110089.644438067
p-2847490a5,2023-03-01,1494846.4286760117
p-4545f407c,2023-01-01,1876453.2309950695
p-5b7d140b5,2023-02-01,1908150.0473561822
p-178dd0ea1,2023-02-01,1593587.5849232227
p-6a2ebc46d,2023-02-01,1273293.5040986196
p-8f1fdee04,2023-03-01,1002181.3335716486
p-05f2273b1,2023-03-01,1625520.143997916
p-e50b0b971,2023-01-01,1665883.416230304
p-51f78c6ac,2023-02-01,1208640.0247816902
p-140e1c5e8,2023-03-01,1140281.5473694697
p-c5abc9ba9,2023-03-01,1273849.8046782345
p-bf6e2dff4,2023-02-01,1295211.2588530574
p-16dd1be64,2023-01-01,1202104.0259681102
p-82e3bcd02,2023-02-01,1679665.7541369235
p-51184f8df,2023-02-01,8298687.589668168
p-896d70fd3,2023-03-01,2010224.371452913
p-cc87d41f7,2023-03-01,2540525.4509815676
p-a828b1082,2023-03-01,1500132.7795842371
p-095ab6be8,2023-01-01,1195464.0063081896
p-095ab6be8,2023-02-01,1197933.8383756948
p-a09cf9910,2023-01-01,1325018.0648299546
p-48c91c561,2023-01-01,1233378.4052808147
p-b6d06e908,2023-03-01,2526548.3879614794
p-af736ddc9,2023-02-01,3586409.5380397565
p-0a4457a64,2023-03-01,1354726.728586854
p-9dad9f9c9,2023-02-01,1576022.4060199452
p-ef2f14a15,2023-02-01,771770.659001457
p-ef2f14a15,2023-03-01,771770.659001457
p-475c42dd4,2023-01-01,783012.4988261845
p-0abe18fa8,2023-02-01,792950.8618507172
p-7455c16ed,2023-01-01,4178204.79358485
p-c74a361cd,2023-01-01,2315270.4334158474
p-d56b6ec27,2023-03-01,1313861.0460368444
p-f2d49cbfd,2023-01-01,1459365.9828386244
p-f71959931,2023-01-01,1498108.500469175
p-218fbd509,2023-02-01,1749381.8049607084
p-d9c0bdb1c,2023-01-01,1177239.2762474762
p-25a949a40,2023-03-01,1119725.3377143694
p-ffc4114b3,2023-03-01,1970801.7340088068
p-aaefaba2f,2023-02-01,3005772.037508342
p-189d7f8f7,2023-02-01,1640333.483331425
p-a84b49483,2023-03-01,4082939.7785925567
p-d8a4e2e03,2023-03-01,3996673.1376252235
p-0d328c3e3,2023-01-01,4322699.899617884
p-0224de42f,2023-02-01,3996673.1376252235
p-d6447f7f7,2023-03-01,4224753.015260017
p-2072bff2d,2023-01-01,5782151.318075603
p-37eb26bc1,2023-01-01,6530796.145998479
p-132414065,2023-02-01,5855889.576882586
p-c85f76f9b,2023-02-01,5316344.080137501
p-c1fa1899c,2023-02-01,2263132.60323115
p-ec1acd144,2023-01-01,1898249.6818793614
p-4935f500f,2023-03-01,2192172.956156353
p-c888fb94b,2023-03-01,1239929.3174555365
p-7a6007471,2023-02-01,1268124.467349575
p-47095deea,2023-01-01,2305160.948724873
p-e3381e705,2023-03-01,1646304.3473916843
p-de5132fce,2023-02-01,1352730.3223698684
p-de5132fce,2023-03-01,1352730.3223698684
p-2b1d2c1e5,2023-02-01,886117.0930023222
p-b536a3ee9,2023-03-01,1356941.4872926697
p-f318d3803,2023-02-01,916155.9043630871
p-c6d334669,2023-01-01,894727.2452256164
p-e277a95b9,2023-02-01,3667606.0604368844
p-70ef47f5f,2023-03-01,3683282.3708162075
p-37066c242,2023-03-01,648221.1334732828
p-61263b683,2023-03-01,614240.173878348
p-2e5c4cbf8,2023-01-01,932314.3321560152
p-85a55b2de,2023-02-01,705194.2871541163
p-ff9fcde99,2023-01-01,2174287.627205058
p-3e3a30640,2023-03-01,1052366.5799524894
p-b145459b0,2023-02-01,2197279.22029323
p-4d7da3614,2023-02-01,1197167.5853187495
p-0dbcde20d,2023-03-01,699829.9414829187
p-028cd10e0,2023-01-01,1114031.0201853174
p-028cd10e0,2023-02-01,1118706.9016157882
p-97c4aeb11,2023-01-01,917232.3007059514
p-11fc3a5fb,2023-03-01,1140689.5886956465
p-d849c4767,2023-02-01,944524.8519073748
p-8972b72f0,2023-02-01,2467288.7606555563
p-6a940ccfc,2023-02-01,930779.3321888366
p-3183d26c5,2023-02-01,1711952.7188904034
p-0ca857004,2023-02-01,1139037.3890386887
p-7269fcd84,2023-03-01,1717146.202202065
p-46ecfe6af,2023-02-01,3452862.8989511724
p-f409a0d9b,2023-03-01,1433357.4797834607
p-daaffc293,2023-02-01,1102127.7143020495
p-4812fcce6,2023-03-01,932852.4955614905
p-e5c32e66a,2023-03-01,1084974.5886590192
p-72ad95f29,2023-01-01,1220501.4919870899
p-72ad95f29,2023-03-01,1218951.700467367
p-e3c926a61,2023-01-01,1267418.4931204948
p-17ad48d1f,2023-01-01,907948.3484771559
p-fb4eb0f83,2023-03-01,804546.936719391
p-f1da476aa,2023-01-01,1012848.7482408168
p-e28956e11,2023-02-01,1087219.7340948735
p-781cf3788,2023-02-01,1461559.7817576088
p-ad726ec58,2023-03-01,1222778.589098833
p-6d6b5d2b2,2023-01-01,717207.2962153977
p-00b69f466,2023-03-01,1149414.7979619317
p-197904a2f,2023-03-01,1343954.5745270117
p-c1ef4d11f,2023-03-01,1318546.8553352552
p-a80fb2559,2023-03-01,763093.4395735754
p-325f04e77,2023-02-01,771632.4675328155
p-d57b7a1c9,2023-03-01,931342.3127938863
p-e224352ac,2023-01-01,1317659.5669194083
p-9a7915e79,2023-01-01,1604020.9351746948
p-28597f040,2023-02-01,1288792.6794647027
p-11cb0999f,2023-01-01,1575099.0616483125
p-11cb0999f,2023-03-01,1576918.0037236316
p-4891ddbee,2023-02-01,908057.4166407882
p-037d28d0b,2023-01-01,1241558.058860586
p-8fd984176,2023-01-01,1575266.8748095748
p-0829ff46d,2023-03-01,1419935.3173771652
p-23de1bd78,2023-02-01,1285988.5919064104
p-9dd6059fe,2023-02-01,939914.1072385259
p-e879c8fe3,2023-02-01,981994.5156016456
p-b9c08bb0c,2023-03-01,2244007.409066445
p-5aeabb5a9,2023-02-01,3655607.488894387
p-05cb50747,2023-03-01,1897678.2815181254
p-db226b82b,2023-02-01,1410523.0074159633
p-ce1861e78,2023-01-01,1140722.5811450046
p-c9af09a02,2023-03-01,1172869.1656727488
p-c014af79d,2023-03-01,1208142.3976868035
p-8ac531a8a,2023-01-01,1222552.8458589143
p-1259e1145,2023-01-01,1351641.4831666087
p-c7bf3fdef,2023-03-01,1157604.3552842815
p-f1d2da133,2023-03-01,1352226.7529069756
p-65f95c09d,2023-03-01,1697768.4606187579
p-b65b104f6,2023-03-01,1294689.8648101653
p-869db990a,2023-03-01,607464.2153063787
p-31d6a7074,2023-03-01,593369.9959069327
p-e3853d725,2023-01-01,1688154.000243058
p-09a16ca48,2023-02-01,1099533.4540544713
p-2ac916d33,2023-03-01,797865.119309169
p-1ad9e51ca,2023-03-01,1114699.8795334953
p-6551015a1,2023-02-01,890620.697841743
p-daa406dfa,2023-03-01,4037866.642996796
p-241f29992,2023-03-01,6563044.481402863
p-b4b4ac41e,2023-02-01,1835822.963009098
p-31cc412fe,2023-02-01,1238682.364650209
p-afb50a841,2023-02-01,1239262.9385012635
p-a78ceed8a,2023-03-01,1441421.5043414724
p-470bb0972,2023-03-01,1504973.476575421
p-5f1ce5b71,2023-01-01,972127.8955164966
p-5f1ce5b71,2023-03-01,975193.1724730633
p-47607f494,2023-01-01,3513845.5288563604
p-55466cda2,2023-03-01,1950306.6679354121
p-9cfe7e62f,2023-03-01,1233066.102391517
p-9ab96eb9f,2023-01-01,1121386.5746684654
p-9ab96eb9f,2023-03-01,1124863.3072700219
p-f92924549,2023-01-01,1317597.354912394
p-78a577cf9,2023-02-01,1058293.7187802233
p-59cef63b1,2023-01-01,1376650.951221855
p-4f2252e54,2023-01-01,1581050.550345434
p-97f187a75,2023-03-01,1932480.6475339546
p-a9e175d8d,2023-02-01,1280496.7897766628
p-6ea526e03,2023-01-01,1104947.631354006
p-58e034f36,2023-02-01,943798.6481688116
p-d3027bfd5,2023-02-01,955506.3357481943
p-ecbcbe514,2023-01-01,2609754.5985638266
p-3d3a96936,2023-03-01,1484879.3931858148
p-a23a0c90a,2023-02-01,1869381.1505563806
p-02b5eef69,2023-03-01,1654712.4582245618
p-91196c6b6,2023-03-01,959867.1025781961
p-50066108b,2023-01-01,1058782.1691333847
p-4349df50b,2023-02-01,1053165.5096676555
p-fcefed81c,2023-03-01,1330660.5464066025
p-c05c62f02,2023-02-01,4154412.1647674902
p-1cae344c7,2023-03-01,1447992.3624411512
p-b9b3fe4b9,2023-02-01,1976432.9912571658
p-d7424f55e,2023-03-01,1391710.4969428272
p-513267085,2023-02-01,1340023.158943298
p-818df9fb2,2023-01-01,1612131.93695558
p-6eb1f9abc,2023-03-01,1474577.190423818
p-e51646a4e,2023-02-01,1768603.7260940033
p-d1ddb5a4f,2023-02-01,1123176.3892774025
p-954f71615,2023-03-01,1235737.5466584847
p-dcffedc8b,2023-03-01,1024453.7121619394
p-ab5e933b6,2023-02-01,1588109.1233040993
p-0a5930ff8,2023-03-01,1044618.4044199549
p-74d230d59,2023-01-01,1212899.4863904465
p-f57ec65ec,2023-03-01,1826915.1517184586
p-3c4907536,2023-02-01,2350833.8909522966
p-4938e6d3b,2023-02-01,1641365.2948375533
p-029480989,2023-03-01,1679622.7659906973
p-61be93cdd,2023-02-01,1246401.1727187352
p-6d5a898ee,2023-03-01,1171696.702871918
p-bc10f7939,2023-03-01,2255123.6839411054
p-ec1fc185c,2023-01-01,1506752.9050958487
p-3548f5cf3,2023-03-01,934121.944464233
p-60dddb67f,2023-02-01,944748.5416705898
p-60dddb67f,2023-03-01,944748.5416705898
p-40b6ca172,2023-01-01,1368798.9076397058
p-a83097e85,2023-01-01,953107.94316356
p-b041199fb,2023-03-01,1412221.275629246
p-349fae13f,2023-02-01,702497.2592403699
p-e48679d2e,2023-03-01,1518048.7100520926
p-53c55e477,2023-01-01,2048362.35169678
p-bab8928d0,2023-01-01,1150552.6099834845
p-d07fa232e,2023-03-01,1404338.1550906883
p-4e8c3969f,2023-02-01,2645973.645856544
p-4139f8067,2023-02-01,1091565.0313325485
p-6c98230ae,2023-03-01,1143183.2955101002
p-abf00c81c,2023-03-01,1098183.5276881033
p-7a635e0af,2023-03-01,947931.1591244249
p-a56c1749a,2023-03-01,1495392.2810772369
p-ec7c25760,2023-02-01,3185016.385509429
p-3e5979ccc,2023-02-01,2874217.0104950336
p-a735d376c,2023-02-01,10089709.845270265
p-c88492dd8,2023-02-01,1283745.4327925541
p-3918e951c,2023-02-01,1375715.5381346701
p-6416f5e17,2023-02-01,2938582.8088195375
p-a01044908,2023-02-01,3119187.4829857564
p-f9d88fd67,2023-02-01,2291819.2356006475
p-252bdf42c,2023-02-01,1270226.6843330702
p-d0e6460cd,2023-03-01,1267346.5052220793
p-63d6e7777,2023-01-01,1266193.559559258
p-3bdd832a9,2023-03-01,4083174.032415123
p-5c4fa3b86,2023-02-01,779255.2223452814
p-69d34985d,2023-01-01,1128921.8144186265
p-9b5d2057f,2023-02-01,2115197.5648712195
p-6bec757a6,2023-02-01,1898888.8979451405
p-15ffa6e3a,2023-02-01,2346236.8820828972
p-66e207cbe,2023-02-01,681897.1981344486
p-78b74cef9,2023-01-01,1394154.1915465393
p-424e458d4,2023-02-01,1340242.253825947
p-ffd8eb153,2023-02-01,1428238.356949818
p-89903861b,2023-01-01,676064.5315013384
p-89903861b,2023-03-01,675041.4561921911
p-b73968faa,2023-03-01,1625901.2263529212
p-a8088e878,2023-03-01,1349141.2994082908
p-8f27bdc55,2023-01-01,996645.4614002624
p-8042379dc,2023-03-01,5121379.513127698
p-0634d5318,2023-01-01,2056650.0093270459
p-e55bd8b3c,2023-01-01,4899868.984816448
p-4a504f5e4,2023-02-01,3706397.9527017805
p-6f5d2548d,2023-03-01,880457.0722288499
p-1b05a0d93,2023-01-01,2015524.2531147993
p-a82c11066,2023-03-01,1441121.322127433
p-b536ce020,2023-01-01,1909519.5093405049
p-9a25ed31b,2023-01-01,1832765.806592022
p-2e9d8ad72,2023-01-01,1535584.9059732843
p-f81b3743c,2023-02-01,1116428.2318099793
p-7ced764c6,2023-03-01,2243175.4369679377
p-3d6005ffb,2023-03-01,4129738.367022441
p-f45c356e7,2023-01-01,1871903.7956601237
p-4548b76a4,2023-02-01,2147569.6975373724
p-5106837d8,2023-03-01,2145719.964132225
p-7dc87e40f,2023-01-01,1407237.2160742274
p-7d5d74ac7,2023-03-01,1613907.3228196043
p-5409253cc,2023-02-01,1598992.2363641874
p-e29978f33,2023-01-01,1492456.1468406664
p-0ac13812f,2023-03-01,1453270.0100993004
p-56681c564,2023-03-01,1248916.2376625002
p-353205887,2023-02-01,1840665.147051339
p-061d83203,2023-03-01,2015810.6522085348
p-47aee8e81,2023-01-01,1594933.3861350992
p-2110adccd,2023-01-01,1847623.4193578523
p-b1c55fe14,2023-03-01,1497957.1370611046
p-d47fb416a,2023-03-01,1905029.94756526
p-ff7fe1331,2023-02-01,1368986.560926006
p-2b893d4f3,2023-03-01,1241628.3942742886
p-fd107954a,2023-02-01,1451752.6368702152
p-fd107954a,2023-03-01,1451752.6368702152
p-d18b1d2d4,2023-03-01,2709668.0723150615
p-3dd62c59a,2023-01-01,2234494.7788053234
p-d17d69eb1,2023-02-01,1264080.2341347316
p-92a37d55d,2023-03-01,1266238.8293302492
p-141790a1d,2023-02-01,1341257.3820097223
p-0b7ba3cb4,2023-02-01,1392925.268534304
p-3b9fed925,2023-03-01,1287560.7739877268
p-2f4ace4df,2023-01-01,1818330.5888711114
p-35e9ab301,2023-01-01,2531708.370540958
p-825cab96e,2023-01-01,2564450.3729766877
p-9e7653485,2023-01-01,2730199.246997844
p-0691448ba,2023-03-01,4486216.221668849
p-43151bf60,2023-02-01,988835.242079183
p-8d81ea7c2,2023-02-01,1378179.3743483294
p-ede4c5f9c,2023-02-01,1720890.706934886
p-6af46aa86,2023-01-01,1508806.9009382846
p-4ccd751e5,2023-02-01,1824434.746737299
p-0b24ee210,2023-03-01,1172931.9776423967
p-d07a9f269,2023-01-01,1124433.1390750613
p-19c6deae6,2023-03-01,1191735.119490903
p-4daf9daf6,2023-02-01,1110312.8578643296
p-57f261fbf,2023-02-01,1973859.8198242695
p-8b51217f4,2023-03-01,2949410.9389887084
p-bd86a6831,2023-03-01,3002724.770457608
p-05a7b0948,2023-02-01,1198194.1590165924
p-e73141bf9,2023-01-01,1098918.5604146577
p-15dcb87b6,2023-02-01,1140322.288607029
p-35f384426,2023-01-01,1351598.619557583
p-35f384426,2023-02-01,1357068.028185237
p-cf7493961,2023-02-01,811760.596211879
p-245a53c25,2023-03-01,1211148.6676550664
p-dc78af767,2023-02-01,1248061.986869419
p-dc78af767,2023-03-01,1248061.986869419
p-7953ff683,2023-03-01,1234133.8529844072
p-300998925,2023-03-01,3048081.082915713
p-0a31fe6d1,2023-01-01,1134809.6729307591
p-4e2c73448,2023-02-01,604802.8538532045
p-1b5f231f7,2023-02-01,735928.6322215238
p-509ba6c03,2023-01-01,1070377.006322954
p-a9fdac412,2023-02-01,1031841.0004214857
p-687c9c737,2023-02-01,1396511.3831367716
p-9a94a9a45,2023-02-01,1479050.833150797
p-69deb0cae,2023-03-01,1120696.9392712098
p-32b7c41bf,2023-01-01,1043045.4185925844
p-32b7c41bf,2023-03-01,1049372.3949115495
p-d0885324e,2023-01-01,755068.4025261659
p-d0885324e,2023-02-01,758714.0548669985
p-d0885324e,2023-03-01,758714.0548669985
p-423b2b084,2023-03-01,1741299.5907722258
p-218d9691d,2023-03-01,1247539.8415287104
p-2d4c2fa84,2023-03-01,1850987.98613551
p-da0eb15b5,2023-03-01,1785150.3125580193
p-4f751ff9e,2023-01-01,3618623.032227275
p-00b4dd7d2,2023-02-01,1816432.0536476625
p-4425afd22,2023-03-01,2388928.3480105535
p-61e01ebc7,2023-02-01,2998046.7619947353
p-41ca2e3be,2023-01-01,5994351.522560278
p-5d6d5b33d,2023-01-01,6849860.612163048
p-58370af2e,2023-02-01,5755751.599817047
p-9913b80c2,2023-02-01,3663772.020487904
p-28b5e7b59,2023-03-01,1476162.2844879054
p-f837e4856,2023-01-01,895455.7597148394
p-60255669b,2023-01-01,1057424.5549563756
p-b6f3438e2,2023-01-01,1087056.0166511075
p-f515c5c63,2023-03-01,910102.2756297154
p-52f83bdd6,2023-02-01,1326471.7347639715
p-298e6bca1,2023-01-01,682235.3050566257
p-51cbd3bcd,2023-01-01,973086.6584729725
p-0d7acce53,2023-02-01,917251.1351151569
p-c540de114,2023-02-01,976104.756062208
p-ca1ff5a6e,2023-02-01,1463540.9319841191
p-8eaa7dbbc,2023-01-01,745801.0880529325
p-7e6905c87,2023-01-01,3312275.5082999556
p-ec5d329c1,2023-03-01,3774363.7777056005
p-42e9b52f0,2023-02-01,7542370.920940968
p-fb0fc761e,2023-01-01,1218096.3982155996
p-abd150de9,2023-03-01,966570.5516943991
p-a00fbceb3,2023-02-01,1352393.4387971847
p-d201c4b02,2023-02-01,1305643.1979192256
p-c84f3ee10,2023-02-01,2260868.0031701853
p-b66339fb1,2023-02-01,5942207.69322258
p-b0842dc7e,2023-02-01,1697287.9775740448
p-17164882b,2023-03-01,890760.7902895308
p-015a56393,2023-02-01,893354.1161268037
p-6eb19ffb1,2023-02-01,748907.0975451495
p-4f200b5a1,2023-01-01,775417.3006456512
p-66161bff8,2023-01-01,772331.5973896611
p-66161bff8,2023-02-01,779788.5243482991
p-4ec146720,2023-02-01,706954.4239280433
p-2f1c62e23,2023-03-01,1622741.5763606483
p-6a0a959f4,2023-01-01,823961.7980050348
p-2c30e03e1,2023-02-01,821817.3544200413
p-f3a549e3d,2023-03-01,1478654.1842349367
p-c536ea003,2023-01-01,1180564.3845040314
p-1a2754125,2023-03-01,1240886.8281328145
p-d91adf8f3,2023-03-01,1352344.6904313248
p-46f38f32c,2023-03-01,1424890.4649256237
p-2dfed0e36,2023-03-01,1093784.206216221
p-3fb351875,2023-01-01,1311709.1142232139
p-635e1e8b6,2023-01-01,1286099.883256519
p-cb192d52b,2023-02-01,1115835.894904373
p-cd6555e00,2023-02-01,1096546.2591624137
p-bd13909c8,2023-01-01,1260864.3681095308
p-bd13909c8,2023-03-01,1263765.625647694
p-c584a1ea2,2023-03-01,1350473.5575095005
p-535136753,2023-02-01,1680111.508193329
p-19674fcc6,2023-02-01,5136929.314174662
p-974a1558c,2023-02-01,818464.3871898274
p-0e1bb440b,2023-02-01,816928.6079064925
p-26e4bd5e4,2023-02-01,1814045.9673199079
p-57d2228e8,2023-03-01,1114379.1335954557
p-36cd355bf,2023-02-01,1034493.9323065948
p-5561779d7,2023-02-01,1013394.2088250731
p-2f7719f1b,2023-01-01,1300035.0980297816
p-fc9650179,2023-01-01,1031804.3452465176
p-7b48790d2,2023-03-01,1327321.2552706024
p-6e70f4a41,2023-02-01,1367629.1904661797
p-7e669a881,2023-01-01,1242678.4048324642
p-2db23696c,2023-02-01,1499215.833883277
p-f6d8322d0,2023-03-01,1447233.385822283
p-4e0326252,2023-01-01,1923728.5746991881
p-eb931382f,2023-03-01,1638281.6956670524
p-111d09d14,2023-01-01,1508754.073298208
p-3cc890e1b,2023-01-01,1597444.449562377
p-4b985fdb6,2023-03-01,947459.3659450092
p-72a5daed0,2023-01-01,1199507.3606409929
p-cc7ad20f8,2023-02-01,1142926.4794597437
p-84a950d12,2023-03-01,1326740.9228402472
p-ffffe6a8a,2023-01-01,1594958.2043945948
p-e36d946cf,2023-01-01,1458593.8803399322
p-96ddffd95,2023-02-01,3435786.9448928027
p-1b52b3493,2023-01-01,1315566.8484790127
p-f204f95a6,2023-02-01,1384133.939179569
p-4b196dac5,2023-03-01,1232618.2869527063
p-9f520e208,2023-01-01,1224608.05851158
p-9f520e208,2023-02-01,1232523.3987541145
p-9f520e208,2023-03-01,1232523.3987541145
p-d56a01456,2023-03-01,1102410.0613170688
p-83ae08be9,2023-01-01,1216219.7230815322
p-7614426be,2023-02-01,1148744.2898883715
p-7614426be,2023-03-01,1148744.2898883715
p-c8d5ba340,2023-02-01,1180026.3145778738
p-f4a45bb2c,2023-02-01,1198685.5673150579
p-d316a1c85,2023-01-01,1187572.643752241
p-d316a1c85,2023-02-01,1195487.9839947755
p-867391667,2023-01-01,1130001.4976354355
p-5d28bf236,2023-01-01,1196700.7302752587
p-5d28bf236,2023-02-01,1204616.070517793
p-5d28bf236,2023-03-01,1204616.070517793
p-aab5d4523,2023-01-01,1228553.1400675245
p-f99210e9b,2023-01-01,1323894.8489945414
p-f99210e9b,2023-02-01,1327219.919194324
p-33d8227e6,2023-02-01,1228137.8197539186
p-0159f4e0d,2023-03-01,979747.0824743897
p-08af7b30d,2023-02-01,1207016.2278711982
p-08af7b30d,2023-03-01,1207016.2278711982
p-5cbfea0cb,2023-01-01,1254976.2796137868
p-5cbfea0cb,2023-03-01,1262891.6198563213
p-4726f4f1e,2023-02-01,1185558.5788509897
p-4726f4f1e,2023-03-01,1185558.5788509897
p-daceb110a,2023-03-01,1521038.3493071934
p-55dc23e9d,2023-01-01,1274718.5543735756
p-4e1f17178,2023-02-01,1291744.6275294223
p-64422aba9,2023-02-01,1176863.8481894734
p-9ef8188f2,2023-02-01,1438418.8635841177
p-cc1f9dc07,2023-01-01,1182604.7631289496
p-04189c864,2023-01-01,1257203.4899520853
p-231bc5a1f,2023-02-01,1220247.2906036742
p-8de7caf35,2023-01-01,1181062.2371743352
p-1c0ec1a1c,2023-01-01,1270477.4306626527
p-94c5cfd9a,2023-03-01,1100673.0924441726
p-01653d5a0,2023-02-01,1221537.7555352605
p-42153a6a6,2023-03-01,898672.9290666787
p-b0643e6a4,2023-02-01,1112440.5795140127
p-19c84c1da,2023-03-01,951835.1583365882
p-f3763d06f,2023-02-01,5305279.725752275
p-76026398e,2023-01-01,5455462.74099009
p-ede800806,2023-02-01,1190188.4854960402
p-cd6fa6751,2023-01-01,1225285.5347757875
p-d10dc60c4,2023-01-01,973795.3512673896
p-bd1866eea,2023-01-01,686143.121960816
p-88e5aeb68,2023-02-01,1288428.0807095962
p-30acb00b1,2023-01-01,1260100.4143129536
p-6cf4f29db,2023-02-01,905037.5852695107
p-7f5676836,2023-03-01,926772.3449272405
p-7424f0b63,2023-01-01,913966.0965642863
p-469b3f7f8,2023-03-01,1309910.543114056
p-9f3cf6da2,2023-01-01,1377997.116143427
p-62f16fe55,2023-01-01,7502028.375499329
p-039789bbf,2023-01-01,1144727.7903574773
p-b420c6960,2023-01-01,875209.1406820494
p-b9288057e,2023-03-01,857037.3457310209
p-22e663989,2023-02-01,1062896.6701417645
p-bdb39a692,2023-01-01,1000038.0136117114
p-bdb39a692,2023-03-01,1008563.8550094772
p-dd292e132,2023-01-01,888601.5390422394
p-a34acf8e6,2023-03-01,1764450.1694722497
p-35c58b1d8,2023-02-01,1768976.5058144704
p-a54d54b81,2023-01-01,1762941.4623641826
p-a54d54b81,2023-02-01,1777928.4348142468
p-3717bfcff,2023-02-01,1431223.7211417095
p-442f686a0,2023-03-01,780065.3190708219
p-566c6059c,2023-01-01,3609195.606896309
p-32ad24140,2023-01-01,1524414.9076790188
p-23e71eea3,2023-01-01,1846487.2738239046
p-68c11eaba,2023-03-01,1854029.9312102436
p-b3b37616d,2023-03-01,1646349.2255238185
p-745c3fafb,2023-02-01,1014237.7863923528
p-67a228aca,2023-03-01,1283651.224384243
p-89a76c96d,2023-03-01,1416263.2025994451
p-14ad126c9,2023-02-01,736571.9868691472
p-75b3e1ab1,2023-02-01,1662318.6551177346
p-b3b88b6b8,2023-01-01,796400.5456789224
p-b3b88b6b8,2023-02-01,800712.4961273479
p-b3b88b6b8,2023-03-01,800712.4961273479
p-bd3e9fd98,2023-01-01,797212.6027448643
p-183b7b9e6,2023-02-01,812648.5381402322
p-b675e3c50,2023-03-01,1059985.6153832267
p-3f54e501e,2023-01-01,1071778.623461293
p-4c4e62e52,2023-03-01,1049122.940004078
p-d90c77539,2023-01-01,1856404.8030300927
p-bc00fb24b,2023-02-01,1602388.0305633722
p-4b28ef2eb,2023-01-01,3522895.517873873
p-87e52b4fe,2023-03-01,1238579.9764596403
p-7b1c752b6,2023-01-01,1300230.609236886
p-7b1c752b6,2023-02-01,1313510.373419907
p-45707e044,2023-03-01,1191812.533125395
p-807f4855c,2023-03-01,1101782.0501024073
p-1b4d1f1ec,2023-02-01,1399973.309635413
p-c0938a9b2,2023-03-01,1126523.9529044593
p-a388ac945,2023-03-01,4746925.006438185
p-e704cae4f,2023-01-01,4747117.497500748
p-fa0eee0b9,2023-03-01,3670960.726869398
p-01e177a84,2023-01-01,4908519.1337885065
p-d98896546,2023-02-01,3736123.937998482
p-019b119d1,2023-02-01,4217298.300654775
p-03d3201e8,2023-02-01,2456330.972829664
p-8b4df163a,2023-03-01,851761.3073959121
p-0b6571afe,2023-02-01,683288.4982869131
p-c5e2ca338,2023-01-01,945409.8225835648
p-7d7d6299d,2023-02-01,951236.1785993542
p-5a9f66cc7,2023-02-01,841844.5541158757
p-9cd25d776,2023-02-01,968165.9924976999
p-41b3b620c,2023-01-01,1254926.606510443
p-ced344a12,2023-02-01,848827.3843690474
p-d7f11aa68,2023-02-01,1206544.1044209152
p-9070666f4,2023-02-01,1734138.2726074324
p-6d88e0e18,2023-01-01,1329701.15921362
p-afd882caa,2023-01-01,2239287.7894432647
p-afd882caa,2023-03-01,2333705.371492359
p-cd1230c26,2023-01-01,2320299.014699921
p-a09c36168,2023-03-01,2442349.798989229
p-f264c7795,2023-01-01,773092.3652989934
p-f264c7795,2023-02-01,775082.5643520298
p-225992716,2023-03-01,795656.1915522002
p-0d242bdc9,2023-02-01,771094.6099361092
p-61cd8eca4,2023-03-01,787778.1284092962
p-854d75cb4,2023-02-01,2192470.7452602885
p-22effa82c,2023-01-01,2260928.330231583
p-273c6f576,2023-03-01,1592439.0692418653
p-025f314bb,2023-03-01,2381659.23482441
p-2b9d74e19,2023-02-01,3745849.8350820937
p-bc2635b4b,2023-02-01,4598912.112151228
p-d72b2bbb2,2023-03-01,4411263.968154352
p-9ccb93d4d,2023-03-01,1351599.0507860198
p-d8d011adb,2023-03-01,1379669.9468638927
p-24105546e,2023-03-01,1337376.6368367635
p-eeee8f8be,2023-02-01,1224124.931679463
p-561fb9199,2023-03-01,1200634.008209923
p-946c2b259,2023-01-01,930065.3330826896
p-8892e1ffa,2023-03-01,1153506.9497766544
p-1e6a1ba20,2023-03-01,955502.9453741641
p-8bcfe3b1e,2023-03-01,1140848.8239840376
p-4ed64fdfa,2023-03-01,3827152.691854829
p-169a1930a,2023-01-01,2066600.487848686
p-d6b0937ae,2023-02-01,3270307.862844599
p-6bb1f1a65,2023-03-01,4189907.018689285
p-08f522800,2023-01-01,3597380.499715787
p-567e19b6a,2023-03-01,10505702.125104979
p-7a58a6ac1,2023-02-01,1116798.2046267844
p-794c86cb4,2023-02-01,681800.9421634728
p-45b3ee772,2023-02-01,1274054.5010221757
p-ec78e2260,2023-03-01,677727.2656085505
p-19351cfd3,2023-01-01,1165207.3589718079
p-19351cfd3,2023-03-01,1170437.9411668968
p-dfafebb08,2023-01-01,1275325.1852131966
p-bdcf18897,2023-03-01,1621054.5416327787
p-8bf90a3ff,2023-01-01,1792178.3326361994
p-a5c8df42e,2023-03-01,1277465.4882477336
p-5e9c16ee1,2023-03-01,1031337.2738171387
p-9a4b5ebcc,2023-03-01,869924.0675583269
p-efae6bcde,2023-03-01,882505.338482412
p-1331633e0,2023-01-01,903964.5649808149
p-1331633e0,2023-03-01,907858.3794536549
p-218b2182d,2023-03-01,1291809.2865444606
p-1459cd1ef,2023-02-01,1281796.6315988528
p-e7543c8b0,2023-01-01,1024094.9211924147
p-d8ba0dadb,2023-02-01,1099703.0134870606
p-0cc696b1b,2023-03-01,1079102.0647140117
p-574ce324e,2023-01-01,941261.6279237529
p-091102c26,2023-01-01,1459635.660015107
p-d5635bca2,2023-01-01,1239148.8166116115
p-99fce73ff,2023-01-01,1125167.32483406
p-7b23e42ea,2023-01-01,1158198.9121022045
p-7b23e42ea,2023-03-01,1169244.7745420942
p-e0528cdec,2023-03-01,1081982.314809478
p-be47b3874,2023-02-01,1225179.7394928455
p-66eb1d48b,2023-01-01,1188171.233732796
p-66eb1d48b,2023-02-01,1199217.0961726857
p-0cc3eea79,2023-02-01,1109302.8790036964
p-3a69c2f27,2023-03-01,881174.5909921547
p-e21bf58ab,2023-01-01,1328096.01309362
p-b49e64f47,2023-02-01,1170429.7571874957
p-9b726b2f0,2023-03-01,1427920.5390122097
p-038188597,2023-03-01,1104023.294935478
p-3bdde1eac,2023-02-01,747924.9594895368
p-9fb1fb459,2023-03-01,1462988.263615299
p-5dee497f1,2023-02-01,1069860.5844623887
p-9ace073db,2023-02-01,1254050.5892718819
p-8aeff41b6,2023-03-01,766244.2382898792
p-2e0dcff86,2023-03-01,1097647.944101407
p-8e72fcbff,2023-01-01,2014716.2594526415
p-90a8fbed2,2023-02-01,2207487.478159767
p-622ead57d,2023-03-01,1923287.513131029
p-3f3f4d684,2023-02-01,1248902.2572766494
p-77fd1d979,2023-01-01,1204615.6234265557
p-99c148978,2023-01-01,1148367.1130656407
p-f0b1dfb50,2023-03-01,3196362.8326855903
p-166668968,2023-03-01,926863.3966873807
p-8c5a8ca65,2023-02-01,1239353.2259829303
p-e3ed4cfe0,2023-01-01,1204178.914660647
p-b22d0d4d7,2023-01-01,1480325.836300414
p-1c34c1bab,2023-01-01,1027875.2091751087
p-1c34c1bab,2023-03-01,1031939.9238236423
p-ce2ec0e33,2023-02-01,1068623.5922541157
p-ce2ec0e33,2023-03-01,1068623.5922541157
p-2243d0bdf,2023-01-01,1248532.9924867444
p-88ca7b9f4,2023-01-01,949698.2079872701
p-af400ab7c,2023-01-01,729178.148506083
p-af400ab7c,2023-02-01,733146.4068986035
p-a2cb94727,2023-02-01,692636.9748261293
p-e1defaf58,2023-01-01,934988.5424536035
p-120881faa,2023-01-01,1200185.753911248
p-120881faa,2023-03-01,1203683.629160261
p-72ac3ccec,2023-02-01,1185908.6075657816
p-3376b0dea,2023-02-01,1202920.7316937323
p-2da278ac4,2023-03-01,914929.1643050234
p-3c4694aca,2023-03-01,1463032.6364443947
p-3df30bc20,2023-01-01,1165330.2510514855
p-51322ebbb,2023-03-01,917196.3468457573
p-b038b726e,2023-03-01,929113.4651480239
p-c64fa22b3,2023-01-01,924209.9081939565
p-aa706cc01,2023-02-01,917196.3468457573
p-1a6726d99,2023-01-01,1290642.7229680961
p-3131c3839,2023-01-01,1309066.179001404
p-586eaf14c,2023-02-01,1515960.2332734203
p-6a0e7e4c5,2023-02-01,1399946.7391895587
p-e676204a2,2023-01-01,1443277.008505582
p-d4db5c413,2023-02-01,1342348.0773707747
p-859abb479,2023-03-01,1808555.235642029
p-a541af98f,2023-02-01,1238960.4674933678
p-8ca4a4575,2023-01-01,881343.0142256956
p-545a892dd,2023-03-01,1008741.6002767294
p-274e0924d,2023-03-01,884085.5631859612
p-8be6f8d21,2023-02-01,902035.7787434633
p-8be6f8d21,2023-03-01,902035.7787434633
p-9b0cae8c0,2023-02-01,834065.3561402328
p-c0628b7b2,2023-02-01,1067114.6054264163
p-6acf4055c,2023-03-01,1527520.3222438176
p-426a28551,2023-02-01,1627003.8967061965
p-1544681ec,2023-03-01,1687392.9932499703
p-52f92c0ea,2023-03-01,1541961.706355539
p-12bfe3b5a,2023-01-01,1528875.4460463214
p-5f91c91a2,2023-03-01,1888102.0898071527
p-278d1647c,2023-03-01,3619405.0298412996
p-fa93ef926,2023-02-01,1214587.4365598373
p-541998d96,2023-01-01,957664.2965074856
p-7093528a0,2023-02-01,1529979.0022817373
p-e338b6d34,2023-02-01,1545626.8207088534
p-33bcae59c,2023-03-01,1137369.6594875932
p-b3cca1a14,2023-02-01,991154.808444189
p-dfb791e76,2023-03-01,1499510.775097583
p-8a599242f,2023-02-01,1235652.2571173317
p-5ee7b66ee,2023-01-01,1218363.834215246
p-118681a91,2023-03-01,1178878.4012432422
p-fd53686bb,2023-02-01,1266981.6085870704
p-9bec0237c,2023-02-01,889194.5125243695
p-59a09ad08,2023-01-01,1093610.2403777768
p-cda0d618d,2023-03-01,974822.0864551961
p-a8fcbf1ac,2023-02-01,1769373.4458679357
p-dd4a9b077,2023-03-01,955812.3480060286
p-3dfe96faf,2023-02-01,649047.2079136813
p-3dfe96faf,2023-03-01,649047.2079136813
p-aa8319de6,2023-01-01,1017999.5523036004
p-111360ba3,2023-01-01,1267192.8603388348
p-daa5a08b1,2023-03-01,994355.4210546018
p-e56aa18af,2023-01-01,1242300.312746578
p-5ef698e6e,2023-02-01,2655199.364192368
p-c6819e45f,2023-02-01,1472244.5369845494
p-6c7cca5de,2023-03-01,1169084.628679731
p-3950efe4d,2023-01-01,1378576.8349974528
p-8f076bbe2,2023-02-01,1274592.731621592
p-067f51110,2023-01-01,1404038.117580846
p-59a9529e2,2023-01-01,1381821.5170003518
p-7228f8459,2023-02-01,1135212.8685912895
p-5a3a38939,2023-02-01,1135025.5228747586
p-0525c5c11,2023-02-01,1658101.1754224333
p-df8e43685,2023-03-01,1654692.117999813
p-a0f41d02c,2023-03-01,1638477.8607091736
p-9c66887d4,2023-02-01,755719.1620867676
p-5718055a1,2023-01-01,1602716.045578966
p-8edbfccca,2023-02-01,786553.900520401
p-51263d8a6,2023-02-01,875478.5714657155
p-ab536342b,2023-01-01,1813859.1112810222
p-e369da963,2023-01-01,1384873.7574323246
p-6e7bbe9b7,2023-01-01,1200336.6828987694
p-88224496a,2023-02-01,1134275.4946495024
p-38c11b46e,2023-03-01,3046124.9433225067
p-850e379c3,2023-03-01,795926.0992982476
p-e1354240a,2023-01-01,1425304.4899717283
p-449e16eed,2023-03-01,1351789.6846399743
p-2179be55e,2023-03-01,1258325.9694754013
p-c72c43a18,2023-03-01,1336679.9004417039
p-c2e2c4859,2023-03-01,1170935.922509273
p-188acb8ca,2023-03-01,1294767.8884932182
p-8bb87a894,2023-03-01,1178067.6331156273
p-7afb00955,2023-03-01,1709478.4763048308
p-375ad2f85,2023-03-01,1277668.929416986
p-cb00b61e9,2023-03-01,1280122.4019764052
p-54a431772,2023-02-01,1070991.9341218595
p-02b2f5228,2023-03-01,1097135.550264819
p-1736b5b22,2023-03-01,1364771.6342652487
p-8a0e324ce,2023-01-01,955329.5856290387
p-0488666e0,2023-01-01,977614.1379431381
p-5665e6edd,2023-02-01,751176.5691627921
p-781a69b33,2023-01-01,1417322.8375618267
p-81b8b41bd,2023-02-01,730596.8768288319
p-2ac5da02c,2023-01-01,1001157.113939724
p-ffd27c083,2023-01-01,1077467.3155685028
p-086bcdce9,2023-02-01,1379161.8151860307
p-be9e4a329,2023-03-01,1807446.7281724722
p-bfa69bb42,2023-02-01,2320945.452738976
p-aa63822c9,2023-03-01,2529389.5891886805
p-8fcd08a1f,2023-02-01,2208781.9623292494
p-8fcd08a1f,2023-03-01,2208781.9623292494
p-824006f4d,2023-03-01,1873692.5191381644
p-dad80bf37,2023-03-01,1149358.8049395457
p-a2b7b8428,2023-03-01,1374985.4658207109
p-3cbda4351,2023-03-01,5273270.629086752
p-889ecf925,2023-02-01,1584104.2554585948
p-b82d264bb,2023-02-01,1664444.7328152275
p-e3a6d93da,2023-03-01,2253773.5559802568
p-aaf297b0a,2023-03-01,1927548.9164442355
p-9b256da40,2023-02-01,1927548.9164442355
p-cd312f8a7,2023-01-01,1372042.5768685744
p-3127b87b2,2023-02-01,1387921.4255287398
p-8b4329434,2023-02-01,1691920.5333688196
p-0d02f1f34,2023-02-01,1496985.8369997162
p-60a9f2009,2023-01-01,2329484.2310039727
p-651ff0323,2023-03-01,1703579.092331115
p-97ee2c16a,2023-02-01,5388177.177493402
p-6455caaec,2023-03-01,1225055.0775419457
p-51a7725c1,2023-02-01,1263948.1696340612
p-d404a269f,2023-03-01,1193897.7900754546
p-79af9ea0a,2023-01-01,1139762.7960899787
p-e24499ffa,2023-03-01,1443510.8512771474
p-2dcc740a2,2023-02-01,2096569.8378640048
p-371973529,2023-01-01,909693.1062532328
p-66d2ecd71,2023-02-01,940764.5253246186
p-86f18d9e1,2023-02-01,1233179.6163046828
p-0adb2cceb,2023-02-01,933800.1362883995
p-ffe5dea3b,2023-01-01,940475.7147471819
p-2da2a961e,2023-01-01,1226145.2567217532
p-b4ee2907d,2023-03-01,847695.049674331
p-e1800d361,2023-02-01,1400794.986226398
p-139200a69,2023-03-01,4080224.492043938
p-8a5e57d55,2023-02-01,3989680.2736495472
p-c5e13680a,2023-01-01,1318593.5654840015
p-786ac1ba5,2023-01-01,1255629.1483213292
p-d3637ddc1,2023-02-01,1018273.6659813491
p-263debe0f,2023-01-01,1133605.1461216195
p-3cf142dc7,2023-03-01,1399410.2052288551
p-d93981039,2023-01-01,1272842.2072435368
p-2d047030a,2023-02-01,1259553.4672460423
p-1817a3eb8,2023-02-01,1708775.8952346107
p-0d8a20684,2023-01-01,1266891.1344454037
p-b4a197b42,2023-01-01,1284337.7294426109
p-9d2f3cc13,2023-03-01,1398805.554489379
p-0e51f8fb7,2023-01-01,855665.5646975654
p-b04d93eb2,2023-03-01,1320956.5562085484
p-3f79fc47e,2023-01-01,1370158.505752009
p-73e57c2f3,2023-01-01,1220795.312559143
p-e013abfd5,2023-01-01,1501169.6426697564
p-90c39f0b8,2023-01-01,3954627.196550009
p-60405f225,2023-03-01,1936931.065926955
p-a09f6c787,2023-03-01,1351467.2206993871
p-88070a1d9,2023-01-01,1223798.1711982295
p-88070a1d9,2023-02-01,1223559.739263356
p-88070a1d9,2023-03-01,1223559.739263356
p-8bd80748c,2023-03-01,985433.2192523199
p-be2eb0456,2023-01-01,1333659.2866122671
p-f91f4bb4f,2023-03-01,1870066.1052960784
